No,Date,Tavg,RH_avg,RR,ff_avg,ss
1,01/01/2019,28.2,76,118,2,5.4
2,02/01/2019,28.1,76,4,3,9.9
3,03/01/2019,29.2,77,0,3,6.1
4,04/01/2019,28.8,77,4.3,1,8.8
5,05/01/2019,27.8,87,0,3,1.8
6,06/01/2019,28.5,78,0,4,6.4
7,07/01/2019,29.1,75,0,4,8.8
8,08/01/2019,28.5,78,4.2,3,10.7
9,09/01/2019,28.4,80,3.5,3,4.4
10,10/01/2019,28.6,74,0,3,8.5
11,11/01/2019,27.1,84,8,3,10
12,12/01/2019,28,78,4.3,3,4.4
13,13/01/2019,27.9,80,0,3,10.6
14,14/01/2019,27.1,85,0,2,7.6
15,15/01/2019,27.8,78,0.1,1,5.7
16,16/01/2019,27.8,79,0,2,5.1
17,17/01/2019,26.6,87,0,2,5.2
18,18/01/2019,25.7,90,37.9,2,4.7
19,19/01/2019,27.5,78,4,2,0
20,20/01/2019,27.7,80,0,2,2.1
21,21/01/2019,27.9,78,0,3,8.5
22,22/01/2019,27.2,78,0,3,3.7
23,23/01/2019,28,77,0,5,2.7
24,24/01/2019,28.1,73,0,3,9.1
25,25/01/2019,27.4,76,0,3,6.8
26,26/01/2019,27.3,74,0,3,6.8
27,27/01/2019,28.2,74,6.64,4,5.9
28,28/01/2019,26.5,90,1.5,3,6.3
29,29/01/2019,27.8,81,2.8,3,0
30,30/01/2019,28.1,76,6.64,2,8.1
31,31/01/2019,27.3,81,0,3,5.5
32,01/02/2019,28.3,77,0,4,5.2
33,02/02/2019,28.4,77,0,4,10.7
34,03/02/2019,27.9,84,2.2,2,9.9
35,04/02/2019,28.1,81,0,2,7.8
36,05/02/2019,27.5,81,0,2,9
37,06/02/2019,26.7,82,0,3,9.7
38,07/02/2019,27.8,76,0,3,10.8
39,08/02/2019,28.3,78,0,2,9.7
40,09/02/2019,28.4,80,0,2,7.7
41,10/02/2019,28.4,78,0,4,10.4
42,11/02/2019,27.6,72,0,2,10.5
43,12/02/2019,27.8,77,0,3,10.6
44,13/02/2019,28.5,78,0,4,10.2
45,14/02/2019,28.5,76,0,3,10.3
46,15/02/2019,28.3,74,0,3,10
47,16/02/2019,28.2,76,0,3,6.6
48,17/02/2019,28.3,77,0,2,7.7
49,18/02/2019,26.1,83,14.1,2,6.8
50,19/02/2019,27.5,84,0,3,6.4
51,20/02/2019,28.2,80,0,2,8.3
52,21/02/2019,28.6,75,0,3,9
53,22/02/2019,28.3,78,0,3,9.5
54,23/02/2019,28.2,73,0,3,10.6
55,24/02/2019,27.6,76,0,3,10.5
56,25/02/2019,28.4,78,0,4,6.1
57,26/02/2019,28.9,76,0.74,4,10.9
58,27/02/2019,27.9,79,3.4,4,7.8
59,28/02/2019,28.7,74,0.5,3,6.2
60,01/03/2019,28.6,74,0,4,5.1
61,02/03/2019,28.4,68,0,3,9.5
62,03/03/2019,27.1,76,0,2,9.2
63,04/03/2019,27.6,76,0,2,9.5
64,05/03/2019,27.9,77,0.57,2,7.9
65,06/03/2019,28.6,80,0,2,9.5
66,07/03/2019,28.8,80,0,2,0.8
67,08/03/2019,29.3,73,0,2,8.8
68,09/03/2019,28.3,81,0,2,7.8
69,10/03/2019,28.2,80,0.57,1,9.9
70,11/03/2019,28.4,77,0,1,7.3
71,12/03/2019,28,78,0.57,1,3.7
72,13/03/2019,28.8,80,0.57,2,5.9
73,14/03/2019,28.5,73,0,2,9.9
74,15/03/2019,28.1,71,0.57,2,8.9
75,16/03/2019,27.6,72,0,3,10.4
76,17/03/2019,28.7,72,0,2,10.2
77,18/03/2019,28.4,70,0,2,7.4
78,19/03/2019,29,68,0,3,10.6
79,20/03/2019,29.2,70,0.57,3,9.9
80,21/03/2019,29.3,71,0,2,8.8
81,22/03/2019,28.4,78,9.2,1,7.2
82,23/03/2019,28.3,82,0,2,10.1
83,24/03/2019,28.8,78,0,2,9.3
84,25/03/2019,29,76,0.57,3,7.4
85,26/03/2019,29.8,73,0,4,8.6
86,27/03/2019,29.6,74,0,3,8.3
87,28/03/2019,29.4,73,0,1,9.9
88,29/03/2019,29.5,76,0,1,3.7
89,30/03/2019,25.2,92,4.5,0,9.1
90,31/03/2019,28.3,85,0.2,1,0
91,01/04/2019,27,88,5.6,1,2.4
92,02/04/2019,28.3,82,2.32,1,3.2
93,03/04/2019,26.3,85,9,1,1.4
94,04/04/2019,28.4,82,0.2,2,2.2
95,05/04/2019,28.8,74,0,2,8.8
96,06/04/2019,28.2,73,0,2,9
97,07/04/2019,28.3,75,0,3,10.7
98,08/04/2019,28.6,78,0,3,10.7
99,09/04/2019,29.6,75,2.32,2,8.4
100,10/04/2019,28.9,81,0,1,8.5
101,11/04/2019,27,92,2.3,0,4.6
102,12/04/2019,27.4,86,9.3,0,0
103,13/04/2019,28.4,81,2.6,1,2.2
104,14/04/2019,28,88,2.32,1,5.8
105,15/04/2019,28,83,4.6,1,0
106,16/04/2019,29.5,76,0,1,7.9
107,17/04/2019,29,79,0,2,10.9
108,18/04/2019,29.6,78,0,1,10.5
109,19/04/2019,29.3,80,0,1,10.7
110,20/04/2019,27.8,88,0,1,8.7
111,21/04/2019,29.3,79,1.4,1,1.2
112,22/04/2019,27.7,88,0.4,1,8.2
113,23/04/2019,28.1,86,3.7,1,5.2
114,24/04/2019,28,89,1.1,0,3.8
115,25/04/2019,27.6,91,1.4,0,1.5
116,26/04/2019,25.8,94,12.7,1,4.4
117,27/04/2019,27.3,87,5.7,2,0.1
118,28/04/2019,28.6,78,0.4,1,1.4
119,29/04/2019,29.6,83,2.32,2,2
120,30/04/2019,27.8,84,0,1,5
121,01/05/2019,29.5,76,5.6,1,4.4
122,02/05/2019,29.4,82,0,1,2.7
123,03/05/2019,28.6,87,0,2,4.7
124,04/05/2019,27.9,84,17.6,1,5.2
125,05/05/2019,28.3,76,0,3,7
126,06/05/2019,29.5,73,0,2,4.2
127,07/05/2019,29,84,0,2,10.2
128,08/05/2019,25.6,96,5.4,1,6.6
129,09/05/2019,29.4,80,18.8,1,0.4
130,10/05/2019,28.2,81,6.5,1,8.7
131,11/05/2019,27.8,89,0,1,9
132,12/05/2019,28.3,88,14.6,1,3.6
133,13/05/2019,28.1,86,5.6,1,5.5
134,14/05/2019,28.5,82,5.6,2,4.5
135,15/05/2019,28.5,84,5.6,1,7.1
136,16/05/2019,27.7,83,0,1,9
137,17/05/2019,26.8,86,15.5,1,5.2
138,18/05/2019,27.7,91,0,1,1.6
139,19/05/2019,26.4,94,3.2,2,1
140,20/05/2019,28.1,83,5.6,1,4.3
141,21/05/2019,27,88,0,1,4.4
142,22/05/2019,27.1,90,5.6,1,5.4
143,23/05/2019,29,81,0.5,2,3.7
144,24/05/2019,28.6,83,10.2,2,8.9
145,25/05/2019,27.9,89,0,1,8.3
146,26/05/2019,28.5,85,25,1,6.2
147,27/05/2019,28.3,86,10.1,1,7.4
148,28/05/2019,28.3,87,3.8,2,7
149,29/05/2019,28.1,88,4.1,1,7.7
150,30/05/2019,27.2,87,0,1,7
151,31/05/2019,27.4,90,5.6,1,2.2
152,01/06/2019,26.6,90,10.3,1,4.9
153,02/06/2019,27.8,83,64.7,1,4.6
154,03/06/2019,25.9,96,11,1,6.9
155,04/06/2019,27.3,88,23,1,2.7
156,05/06/2019,28.5,86,6.2,2,3.5
157,06/06/2019,26.5,91,11.2,2,6.2
158,07/06/2019,25.7,91,27.3,1,0
159,08/06/2019,26.4,91,11.2,1,0
160,09/06/2019,27,87,11.2,1,2.1
161,10/06/2019,29.2,81,11.2,2,6.3
162,11/06/2019,29,85,0,2,10.8
163,12/06/2019,26.7,90,8.5,2,8.4
164,13/06/2019,28.1,86,0,2,2.4
165,14/06/2019,28.4,85,6.5,1,0
166,15/06/2019,27.5,89,0,1,6.3
167,16/06/2019,28.6,84,11.2,2,4.6
168,17/06/2019,28.5,86,0,2,8
169,18/06/2019,26,94,15.7,1,3.7
170,19/06/2019,26.7,92,11.2,1,0
171,20/06/2019,28.5,81,11.2,2,0.4
172,21/06/2019,27.1,85,11.2,2,3.9
173,22/06/2019,25.8,93,11.2,2,3.3
174,23/06/2019,28.1,82,33.2,2,1.6
175,24/06/2019,28.6,81,0,2,8.8
176,25/06/2019,29.1,80,11.2,3,5.3
177,26/06/2019,26.7,87,0,1,9.9
178,27/06/2019,27.9,84,7.3,2,2.8
179,28/06/2019,29,80,0,4,10.3
180,29/06/2019,28.4,84,0,2,9
181,30/06/2019,28.1,82,11.2,2,4
182,01/07/2019,28.9,78,1.73,3,5.3
183,02/07/2019,28.9,80,0,4,9.8
184,03/07/2019,29.5,78,0,2,9.3
185,04/07/2019,28.4,81,1.73,1,6.4
186,05/07/2019,29.3,81,1.73,2,2.9
187,06/07/2019,28.8,80,0,2,9.7
188,07/07/2019,28.2,84,0,2,9.3
189,08/07/2019,27.8,86,2.8,2,5.1
190,09/07/2019,25.7,93,28.6,2,6.1
191,10/07/2019,28.6,77,3.5,3,3.6
192,11/07/2019,29.5,69,0,3,8.9
193,12/07/2019,28.3,79,0,2,11.4
194,13/07/2019,28.3,83,0,2,7.4
195,14/07/2019,28.6,80,0,3,10.2
196,15/07/2019,26.8,86,0,2,8.8
197,16/07/2019,28.5,74,4.4,2,7.2
198,17/07/2019,28.5,74,0,3,7.2
199,18/07/2019,28.7,74,0,2,6.4
200,19/07/2019,27.6,83,0,2,7.1
201,20/07/2019,29,75,1,2,6.3
202,21/07/2019,27.7,84,0,2,7.7
203,22/07/2019,27.3,81,0,1,2.8
204,23/07/2019,27.4,84,4.9,1,2.8
205,24/07/2019,28.3,82,1.73,2,3.3
206,25/07/2019,27.9,79,1.73,1,5.6
207,26/07/2019,28.2,76,0,2,4.4
208,27/07/2019,28.4,80,0,2,7.3
209,28/07/2019,27.9,86,0,3,7.3
210,29/07/2019,28.5,81,0,2,8.3
211,30/07/2019,28.8,77,0,3,8.6
212,31/07/2019,29.3,69,0,3,9.2
213,01/08/2019,28.3,73,0,2,9.5
214,02/08/2019,29,71,0,2,10.2
215,03/08/2019,28.9,76,0,2,9.7
216,04/08/2019,28.9,76,0,3,8.3
217,05/08/2019,28.8,77,0,3,4.7
218,06/08/2019,29,76,0,2,6.5
219,07/08/2019,28.3,78,0,2,3.2
220,08/08/2019,28.3,78,0,2,6.9
221,09/08/2019,28.7,77,0,2,5.4
222,10/08/2019,28.8,77,1,3,6.9
223,11/08/2019,29.1,78,1.68,4,7.3
224,12/08/2019,29.1,76,0,2,8.8
225,13/08/2019,29.6,76,0,2,7.8
226,14/08/2019,29,80,0,2,9.8
227,15/08/2019,27.8,84,0,2,7.8
228,16/08/2019,29.4,73,1.68,2,5.5
229,17/08/2019,29.4,75,0,3,8.1
230,18/08/2019,29.1,73,0,2,7.6
231,19/08/2019,29.3,68,0,2,10.3
232,20/08/2019,29.4,73,0,3,7.8
233,21/08/2019,29.5,73,0,2,10
234,22/08/2019,28.8,81,0,2,8.6
235,23/08/2019,28.4,78,1.68,2,5.3
236,24/08/2019,29.2,71,0,2,9.6
237,25/08/2019,28.6,79,0,1,9.1
238,26/08/2019,29.2,77,8.9,1,2.8
239,27/08/2019,25.6,94,1.68,1,6.6
240,28/08/2019,25.5,90,32.6,1,1.7
241,29/08/2019,27.9,81,1.4,2,0
242,30/08/2019,28.8,70,1.68,2,5.9
243,31/08/2019,28.3,72,0,3,5.3
244,01/09/2019,28.7,78,0,2,9.5
245,02/09/2019,29.1,77,0,2,8.8
246,03/09/2019,28.8,80,0,2,6.9
247,04/09/2019,29.4,72,0,2,3.2
248,05/09/2019,29.2,76,0,3,6.2
249,06/09/2019,28.6,79,0,3,0
250,07/09/2019,29.4,72,0,3,9.6
251,08/09/2019,28.7,76,0,2,9
252,09/09/2019,28.8,80,0,2,8.9
253,10/09/2019,28.6,80,1.49,3,7.2
254,11/09/2019,28.8,78,0,2,6.7
255,12/09/2019,28.7,77,0,2,8.7
256,13/09/2019,28.2,83,0,2,6.7
257,14/09/2019,28,80,0,2,5.6
258,15/09/2019,28.3,77,1.49,2,0.1
259,16/09/2019,28.4,77,0,2,2.9
260,17/09/2019,29,76,0,2,4.7
261,18/09/2019,29.1,75,0,3,7
262,19/09/2019,28.8,77,0,2,5.9
263,20/09/2019,29,77,1.49,3,6.5
264,21/09/2019,28.7,75,1.49,3,4.7
265,22/09/2019,28.7,77,0,3,9.4
266,23/09/2019,27.4,84,0,1,6.7
267,24/09/2019,28.6,81,1.6,1,0
268,25/09/2019,25.8,91,1.3,1,7.8
269,26/09/2019,27.9,83,32.8,1,0.6
270,27/09/2019,28.6,79,0,1,4.2
271,28/09/2019,28,82,0,1,7.9
272,29/09/2019,27.5,86,0,1,5.6
273,30/09/2019,26.9,85,3.1,0,5.7
274,01/10/2019,27,86,1.4,1,2.4
275,02/10/2019,26.1,86,21.8,1,3.9
276,03/10/2019,26.4,82,3,0,1.4
277,04/10/2019,27.2,84,0,0,5
278,05/10/2019,26.5,88,7.3,1,5
279,06/10/2019,27.6,80,6,1,5
280,07/10/2019,26.2,90,1,1,5.8
281,08/10/2019,26.8,84,7.3,0,5.8
282,09/10/2019,27.7,80,0.5,0,7
283,10/10/2019,27.7,83,7.3,0,6.9
284,11/10/2019,28.1,84,7.3,1,5.5
285,12/10/2019,28.7,80,0,1,9.5
286,13/10/2019,28.2,80,0,1,9.7
287,14/10/2019,28.8,80,0,1,8.6
288,15/10/2019,27.8,80,7.3,1,8
289,16/10/2019,28.3,84,0,1,5.1
290,17/10/2019,27.7,83,7.3,1,1.6
291,18/10/2019,27.2,88,0.2,1,3.8
292,19/10/2019,26.9,90,1,1,3.7
293,20/10/2019,26.4,92,2.5,0,4.3
294,21/10/2019,26.9,93,44.9,0,4.1
295,22/10/2019,25.8,95,7.2,0,4.4
296,23/10/2019,26.4,90,37.2,0,0.2
297,24/10/2019,26.4,90,7.8,0,3.1
298,25/10/2019,28.2,82,6,1,3.1
299,26/10/2019,27,86,0,0,3.1
300,27/10/2019,27.6,80,7.3,1,1.7
301,28/10/2019,26.5,89,12.5,0,7.8
302,29/10/2019,28.5,81,15.7,1,2
303,30/10/2019,27.6,84,0,1,8.7
304,31/10/2019,27.5,82,6.8,1,2.7
305,01/11/2019,28.2,77,0,1,0.8
306,02/11/2019,28.2,81,0,0,3.8
307,03/11/2019,27.7,76,4.36,0,7.6
308,04/11/2019,27.8,82,4.36,0,1
309,05/11/2019,26.2,92,19.5,0,5.4
310,06/11/2019,28.3,83,4.36,1,1.4
311,07/11/2019,29.7,79,0,1,7.5
312,08/11/2019,28.1,76,0,1,7.2
313,09/11/2019,28.8,79,0,1,0.7
314,10/11/2019,28.8,75,0,0,4.9
315,11/11/2019,28,83,0,1,7
316,12/11/2019,27.7,86,0,0,4.4
317,13/11/2019,28.5,82,0,1,1
318,14/11/2019,27.2,85,5,1,6
319,15/11/2019,27.4,85,12.5,0,1.3
320,16/11/2019,28.4,82,4.36,1,2.5
321,17/11/2019,28.2,81,0,1,6.4
322,18/11/2019,28.8,79,0,2,6.3
323,19/11/2019,28.3,82,0,1,6.9
324,20/11/2019,26.2,93,0.5,1,0.8
325,21/11/2019,26,90,37.9,1,0
326,22/11/2019,27.7,84,1.4,1,1.5
327,23/11/2019,26.4,91,0,1,6.3
328,24/11/2019,27.3,86,1.2,1,0
329,25/11/2019,28.1,84,0.6,1,6.9
330,26/11/2019,28.6,80,13,1,7.4
331,27/11/2019,26.7,91,0,1,10.4
332,28/11/2019,28.2,84,17.4,1,2.2
333,29/11/2019,26.5,92,0,1,6.6
334,30/11/2019,28.3,84,4.36,1,3.4
335,01/12/2019,28.6,84,0,1,7.2
336,02/12/2019,27,87,0,2,8.3
337,03/12/2019,28.2,75,4.4,3,2.4
338,04/12/2019,28.5,72,0,3,0.2
339,05/12/2019,28.3,76,0,3,4
340,06/12/2019,28.3,74,0,3,0.1
341,07/12/2019,28.3,72,0,3,5.2
342,08/12/2019,24.8,95,26.6,3,0
343,09/12/2019,24.7,96,62,2,0
344,10/12/2019,24.8,96,31.2,2,0.8
345,11/12/2019,24.2,94,63.2,1,0
346,12/12/2019,27.4,80,11.8,3,0
347,13/12/2019,26,88,0,2,8.7
348,14/12/2019,24.1,99,96.4,1,2.7
349,15/12/2019,24.7,97,53,1,0
350,16/12/2019,25.9,89,4.2,1,0
351,17/12/2019,25.2,96,1.8,1,3.2
352,18/12/2019,25.8,92,7,2,0
353,19/12/2019,26.8,86,6.2,2,6.1
354,20/12/2019,27.2,87,0,3,5.5
355,21/12/2019,27.5,84,0,3,7.9
356,22/12/2019,27,84,0,3,7.2
357,23/12/2019,27.5,83,0,4,4.9
358,24/12/2019,28.1,79,0,4,8.3
359,25/12/2019,27.5,83,0,3,5.8
360,26/12/2019,26.9,83,12.2,3,6.5
361,27/12/2019,27.7,78,0,4,7
362,28/12/2019,28,76,0,5,10
363,29/12/2019,28.2,78,0,5,10.2
364,30/12/2019,28.1,77,0,3,9.2
365,31/12/2019,28.4,76,0,4,9.5
366,01/01/2020,28.2,76,0,4,4.9
367,02/01/2020,27.7,83,2.94,4,4.9
368,03/01/2020,28.3,78,0,4,6.2
369,04/01/2020,27.9,79,2.94,3,5.7
370,05/01/2020,28,78,3.7,4,4.2
371,06/01/2020,26.8,84,0,4,10.5
372,07/01/2020,26.2,87,8.2,4,6.2
373,08/01/2020,28.1,79,3.6,5,2.7
374,09/01/2020,27.9,80,2.94,4,7.4
375,10/01/2020,27.7,82,1.7,3,6.9
376,11/01/2020,27.4,82,0,3,1.8
377,12/01/2020,27.8,78,0,4,3
378,13/01/2020,27.5,78,0,4,7.9
379,14/01/2020,28.1,74,2.94,4,9.1
380,15/01/2020,27.1,80,2,4,7.4
381,16/01/2020,27.7,80,0.5,3,6.2
382,17/01/2020,28.1,74,0,4,0
383,18/01/2020,28,82,0,4,10.1
384,19/01/2020,28.6,79,2.94,5,9.2
385,20/01/2020,28.7,77,0,6,10.5
386,21/01/2020,26.5,90,6.5,4,3.7
387,22/01/2020,28.6,78,7.3,4,0.1
388,23/01/2020,28.2,80,0,6,10.8
389,24/01/2020,28.3,76,0,5,10.4
390,25/01/2020,27.9,75,0,4,6.2
391,26/01/2020,27.9,79,2.94,4,10.8
392,27/01/2020,28.2,80,0,4,10.3
393,28/01/2020,28.3,80,2.94,3,6.2
394,29/01/2020,27,86,0,3,10.4
395,30/01/2020,26.7,84,37.1,4,3.3
396,31/01/2020,28.7,72,0,6,4.5
397,01/02/2020,28.6,76,0,6,10.4
398,02/02/2020,27.2,82,2,5,10.1
399,03/02/2020,28.1,73,0,4,3.5
400,04/02/2020,27.7,72,1.88,4,9.3
401,05/02/2020,28,76,1.88,4,8.5
402,06/02/2020,28,77,0,5,9
403,07/02/2020,28.3,72,0,4,9.1
404,08/02/2020,27.7,71,0,3,7.4
405,09/02/2020,26.4,85,1.88,2,2.5
406,10/02/2020,26.9,84,13.8,3,0
407,11/02/2020,27.1,88,0,4,7.5
408,12/02/2020,28.1,84,0.4,4,4.9
409,13/02/2020,27.6,84,15.5,4,6.3
410,14/02/2020,28,79,0,4,9.5
411,15/02/2020,28,78,1.88,3,9.9
412,16/02/2020,28,81,0,3,10.8
413,17/02/2020,28.2,76,0,3,4.4
414,18/02/2020,26.8,85,1.88,4,10.2
415,19/02/2020,28.7,74,0,5,6.6
416,20/02/2020,28.1,76,2.2,4,9
417,21/02/2020,26.7,87,1.2,5,9.9
418,22/02/2020,28.7,74,2.2,5,9
419,23/02/2020,28.7,73,1.88,5,9.8
420,24/02/2020,27.2,82,0.2,5,9.8
421,25/02/2020,28.2,77,4,5,2.2
422,26/02/2020,28.5,76,0,4,10.6
423,27/02/2020,28.4,76,0,4,11
424,28/02/2020,28.4,78,1.88,5,10.6
425,29/02/2020,28.1,73,0,4,8.8
426,01/03/2020,28.4,74,1.28,4,10.1
427,02/03/2020,27.6,81,0,4,9.6
428,03/03/2020,28.4,78,0,4,10.5
429,04/03/2020,28.7,77,1.28,4,9
430,05/03/2020,28,78,0,2,7.9
431,06/03/2020,28.5,81,1.28,3,0
432,07/03/2020,28,86,1.28,3,1.9
433,08/03/2020,28.2,82,10,2,6.4
434,09/03/2020,27.6,85,1.28,3,7.6
435,10/03/2020,28.5,80,0,4,8.6
436,11/03/2020,29,80,1.28,4,8.7
437,12/03/2020,29,72,1.28,4,9.3
438,13/03/2020,29.1,77,0,4,9.4
439,14/03/2020,29.4,76,0,4,10.5
440,15/03/2020,29.6,76,0,5,7.8
441,16/03/2020,29.6,75,1.6,5,10.1
442,17/03/2020,29.1,68,1.28,5,9.6
443,18/03/2020,29.1,74,0,4,10
444,19/03/2020,28.6,71,0,4,10
445,20/03/2020,28.4,73,0,4,8.8
446,21/03/2020,28.8,75,1.28,3,5.4
447,22/03/2020,28.9,78,1.3,3,4.1
448,23/03/2020,26.5,91,6.8,1,7.4
449,24/03/2020,28,84,8.6,3,0.9
450,25/03/2020,28.6,81,0,4,9.4
451,26/03/2020,29.2,80,0,4,8.7
452,27/03/2020,29,80,0,3,7.5
453,28/03/2020,28.3,82,0,3,8.1
454,29/03/2020,29,72,0,4,7.7
455,30/03/2020,28.8,73,0,4,9.3
456,31/03/2020,29.3,74,0,3,9.2
457,01/04/2020,29,79,0,3,7.8
458,02/04/2020,29.4,79,0,4,9.9
459,03/04/2020,29.8,75,0,3,9
460,04/04/2020,29.5,79,0,3,9.4
461,05/04/2020,29.2,80,0,3,4.5
462,06/04/2020,28.9,80,0,2,6.3
463,07/04/2020,26.8,88,62.3,2,4
464,08/04/2020,28.6,82,5.98,3,1.2
465,09/04/2020,29.3,78,0,3,9.1
466,10/04/2020,28.4,78,0,3,7.5
467,11/04/2020,28.5,84,0.2,2,8.1
468,12/04/2020,28.8,82,1,3,3.3
469,13/04/2020,27.9,87,32.4,4,3.8
470,14/04/2020,29.6,73,0,3,6.4
471,15/04/2020,29.6,74,0,4,7.7
472,16/04/2020,29.9,69,0,4,10.2
473,17/04/2020,29,79,0,2,6.3
474,18/04/2020,29.1,78,0,3,7.7
475,19/04/2020,29.5,76,0,4,7.2
476,20/04/2020,30.4,74,0,4,9.7
477,21/04/2020,28.8,80,0,2,10
478,22/04/2020,29.2,80,5.98,2,5.2
479,23/04/2020,27.4,89,0,1,5.8
480,24/04/2020,28,86,7.5,1,5.3
481,25/04/2020,28.2,81,0.5,2,4.5
482,26/04/2020,28.5,80,2,1,5.5
483,27/04/2020,28,83,0.2,2,3.1
484,28/04/2020,27.4,90,4,2,1
485,29/04/2020,27,90,41.6,1,3.1
486,30/04/2020,27.3,93,15.8,1,6.3
487,01/05/2020,27.1,90,41.9,2,0.3
488,02/05/2020,28,86,2.6,1,0.3
489,03/05/2020,28.1,88,6.3,1,2.2
490,04/05/2020,28.4,89,19.5,1,2.9
491,05/05/2020,28.4,84,36.4,1,2.9
492,06/05/2020,28.3,86,25.7,2,6.4
493,07/05/2020,28.8,86,0.1,2,3.4
494,08/05/2020,28.3,80,4.3,3,7.6
495,09/05/2020,29.8,78,0,3,4.5
496,10/05/2020,29.8,82,17.32,3,10.4
497,11/05/2020,29.7,82,17.32,2,2.7
498,12/05/2020,28.9,85,24,2,1.5
499,13/05/2020,26.5,86,7.4,2,4.4
500,14/05/2020,28.6,81,1.6,2,1.5
501,15/05/2020,29.2,82,0,2,8.4
502,16/05/2020,29.1,82,3,2,7.2
503,17/05/2020,27.9,89,1.2,2,6.5
504,18/05/2020,28.6,84,98.7,2,4.5
505,19/05/2020,29.4,85,17.32,2,5.1
506,20/05/2020,28.4,79,0,2,5.9
507,21/05/2020,28.7,81,3.7,1,2.2
508,22/05/2020,28.6,84,0,2,6.5
509,23/05/2020,27.2,86,6.7,1,1.6
510,24/05/2020,28.3,86,0.2,2,0.4
511,25/05/2020,29.4,82,17.32,2,2
512,26/05/2020,29.2,77,17.32,1,7.4
513,27/05/2020,27.3,89,115.2,1,5.8
514,28/05/2020,29,84,17.32,2,0
515,29/05/2020,28.7,83,0,1,2.2
516,30/05/2020,28.9,83,17.32,2,6.4
517,31/05/2020,28.6,82,17.32,1,7.4
518,01/06/2020,26.6,90,11.9,2,7.6
519,02/06/2020,27.4,90,4.3,1,3
520,03/06/2020,27.4,89,40,2,6.3
521,04/06/2020,28.2,83,3.8,3,5.2
522,05/06/2020,27.1,91,2.2,3,5.2
523,06/06/2020,26.1,89,29.7,1,2.8
524,07/06/2020,27.9,86,0.7,1,0
525,08/06/2020,28.5,85,0.5,1,3.2
526,09/06/2020,29.2,82,17.9,3,4.6
527,10/06/2020,29.4,79,0,3,7.5
528,11/06/2020,28.3,80,0,2,7.5
529,12/06/2020,28.2,87,1.6,2,7.2
530,13/06/2020,25,95,13.2,1,1.2
531,14/06/2020,27.9,86,10.4,3,0
532,15/06/2020,28.8,84,11.9,2,4.2
533,16/06/2020,28,86,11.9,1,6.8
534,17/06/2020,27.2,89,6.8,1,1.7
535,18/06/2020,27.5,84,5.4,1,1.7
536,19/06/2020,27.1,90,27.8,2,1.6
537,20/06/2020,26.6,94,56.4,2,2
538,21/06/2020,25.3,92,11.2,2,0.9
539,22/06/2020,26.8,89,4,2,0
540,23/06/2020,25.2,94,32.4,2,0.4
541,24/06/2020,26.1,93,9,2,1
542,25/06/2020,27.3,85,4.3,2,0
543,26/06/2020,28.4,84,11.9,3,1.7
544,27/06/2020,28.6,84,0,2,4.7
545,28/06/2020,29.1,79,11.9,3,0.2
546,29/06/2020,28.9,80,11.9,3,7.6
547,30/06/2020,28.9,80,4.4,3,4.9
548,01/07/2020,27.5,87,42.1,2,6.9
549,02/07/2020,28.2,83,0.3,3,4.6
550,03/07/2020,28.9,80,0,3,4.8
551,04/07/2020,28.7,82,10.17,2,7.9
552,05/07/2020,27.2,87,1,1,7.8
553,06/07/2020,29.3,76,10.17,3,4.3
554,07/07/2020,27,86,10.17,2,8.2
555,08/07/2020,25.8,93,10.17,2,2.8
556,09/07/2020,26,92,47.3,3,4.6
557,10/07/2020,27.2,84,7,1,0.1
558,11/07/2020,26.4,90,0.2,2,2.3
559,12/07/2020,27.8,84,2,2,2.1
560,13/07/2020,26.2,92,0,2,8.9
561,14/07/2020,25.7,90,31,2,2.7
562,15/07/2020,27.3,87,8.8,3,0.3
563,16/07/2020,28.1,84,10.17,2,4
564,17/07/2020,28.4,81,10.17,2,8.9
565,18/07/2020,26.7,88,10.17,1,8.5
566,19/07/2020,28,83,2.6,2,2.6
567,20/07/2020,28.2,78,0,2,10.7
568,21/07/2020,28.5,78,10.17,2,9.9
569,22/07/2020,27.6,84,10.17,2,6.2
570,23/07/2020,27.3,85,2.8,1,4.6
571,24/07/2020,27.5,82,0,2,7
572,25/07/2020,26.2,96,4.5,2,3.7
573,26/07/2020,26.6,89,14.4,3,4.7
574,27/07/2020,27.6,82,2.8,2,2.2
575,28/07/2020,27.6,86,8.3,2,2.3
576,29/07/2020,25.8,92,14.3,1,2.4
577,30/07/2020,27.7,84,24.2,3,4.6
578,31/07/2020,27.9,82,10.17,3,8.2
579,01/08/2020,28.3,81,29.4,3,5.6
580,02/08/2020,28.3,80,6.4,4,3.9
581,03/08/2020,28,81,9.62,3,8.6
582,04/08/2020,27.3,87,0,2,5.3
583,05/08/2020,28.2,82,8.3,3,0.8
584,06/08/2020,28.4,84,0,2,6
585,07/08/2020,28.4,84,0,3,0.9
586,08/08/2020,29.5,76,9.62,3,9
587,09/08/2020,29.6,80,0,3,10.3
588,10/08/2020,29.6,80,0,4,7.7
589,11/08/2020,29.7,79,9.62,3,10.6
590,12/08/2020,27.1,83,9.62,1,4.5
591,13/08/2020,27.9,76,7.4,2,2.6
592,14/08/2020,25.8,94,2.2,1,7.3
593,15/08/2020,27.2,88,9.7,1,0
594,16/08/2020,26.7,88,13,2,5.2
595,17/08/2020,27.8,82,0.7,1,1.6
596,18/08/2020,26.8,85,9.62,2,5.5
597,19/08/2020,27.7,84,3.1,2,3
598,20/08/2020,28.1,84,9.62,2,6.2
599,21/08/2020,29,76,1,3,1.4
600,22/08/2020,26.7,88,0,2,7.5
601,23/08/2020,25.1,94,9.62,1,3.4
602,24/08/2020,26.3,95,80.5,2,0
603,25/08/2020,25.8,95,6.7,2,6.5
604,26/08/2020,24.8,94,28.1,2,0.9
605,27/08/2020,26.3,87,0.2,2,4.2
606,28/08/2020,27.6,82,0.1,2,4.3
607,29/08/2020,26.2,93,9.62,2,7.5
608,30/08/2020,28.2,83,14.9,3,3.1
609,31/08/2020,28,83,9.62,3,8.1
610,01/09/2020,27,89,0.6,2,6.3
611,02/09/2020,27.5,88,1.1,1,3.8
612,03/09/2020,26.2,94,0.4,2,4.8
613,04/09/2020,27.3,83,4.8,2,2
614,05/09/2020,24.8,94,14.9,2,4.9
615,06/09/2020,26,89,37.5,2,0
616,07/09/2020,27.6,83,60.1,2,5.1
617,08/09/2020,28,88,0,2,4.8
618,09/09/2020,27.1,85,0,1,3.9
619,10/09/2020,27.4,84,0.6,2,4.7
620,11/09/2020,28,82,3,2,3.6
621,12/09/2020,25.4,95,1.9,1,3.6
622,13/09/2020,24.2,96,30.1,2,2.2
623,14/09/2020,24.5,95,29.3,2,0
624,15/09/2020,26.58,89,11.5,2,0.08
625,16/09/2020,26.58,89,11.5,2,0.17
626,17/09/2020,26.58,89,11.5,2,0.25
627,18/09/2020,26.58,89,11.5,2,0.34
628,19/09/2020,26.58,89,11.5,2,0.42
629,20/09/2020,26.58,89,11.5,2,0.51
630,21/09/2020,26.58,89,11.5,2,0.6
631,22/09/2020,26.58,89,11.5,2,0.68
632,23/09/2020,26.58,89,11.5,2,0.7
633,24/09/2020,26.58,89,11.5,2,0.8
634,25/09/2020,26.58,89,11.5,2,0.9
635,26/09/2020,26.58,89,11.5,2,1
636,27/09/2020,26.58,89,11.5,2,1.1
637,28/09/2020,28,84,0.1,2,1.2
638,29/09/2020,26.3,90,8.3,2,3.7
639,30/09/2020,26.7,92,3.4,2,0
640,01/10/2020,27.7,86,3.9,2,4.8
641,02/10/2020,27.8,84,10.54,3,3.8
642,03/10/2020,27,80,11.7,3,4.7
643,04/10/2020,27.4,84,0,2,3.5
644,05/10/2020,28.3,80,0,1,0.7
645,06/10/2020,27.8,83,0,3,2.5
646,07/10/2020,28.2,79,10.54,2,3.3
647,08/10/2020,26.5,84,59.5,3,5.4
648,09/10/2020,27.1,86,9.6,2,2.1
649,10/10/2020,26.1,89,23.1,3,0
650,11/10/2020,26.5,84,3.9,3,0
651,12/10/2020,28.4,78,0.6,3,0.6
652,13/10/2020,28,80,10.54,2,1.6
653,14/10/2020,28.5,82,0,3,1.9
654,15/10/2020,28.1,82,0,2,1.4
655,16/10/2020,27.9,81,16.3,2,4.4
656,17/10/2020,29.5,79,10.54,3,3.7
657,18/10/2020,28.9,81,0,2,8.9
658,19/10/2020,28.3,74,24.7,2,2.5
659,20/10/2020,27.8,85,10.54,1,6.8
660,21/10/2020,29,77,10.54,2,2.2
661,22/10/2020,26.9,82,29.5,4,4
662,23/10/2020,27.3,90,3.5,1,1.8
663,24/10/2020,26.1,93,1,2,0
664,25/10/2020,27.9,78,2.3,3,1.6
665,26/10/2020,26.1,92,31,1,9.6
666,27/10/2020,28.7,79,2.2,2,0
667,28/10/2020,27.3,91,10.54,1,8.1
668,29/10/2020,27.9,85,19.8,2,0.9
669,30/10/2020,27.6,85,0,1,4.9
670,31/10/2020,27.4,85,10.54,2,6.4
671,01/11/2020,28.3,79,1.8,3,6.1
672,02/11/2020,27.5,82,11.4,2,7.9
673,03/11/2020,27.3,88,0,2,5.2
674,04/11/2020,25.1,91,35.5,1,0
675,05/11/2020,27.3,82,1.7,1,0.2
676,06/11/2020,27.8,84,1.9,2,5.1
677,07/11/2020,25.9,92,11.4,1,6.7
678,08/11/2020,26.5,86,48.1,2,0.8
679,09/11/2020,26.3,91,27.5,2,1.5
680,10/11/2020,26.2,90,19.9,1,0.3
681,11/11/2020,28.3,82,1.5,2,2.4
682,12/11/2020,28.9,80,0,3,5.5
683,13/11/2020,28.1,84,11.4,3,10.4
684,14/11/2020,28.7,82,11.3,3,7.3
685,15/11/2020,26.9,88,8.3,2,1.8
686,16/11/2020,27.7,85,20.2,3,2.6
687,17/11/2020,26.4,92,17,1,9.1
688,18/11/2020,28.3,82,1.9,2,2.6
689,19/11/2020,27.6,84,27.2,2,8.8
690,20/11/2020,27.7,86,8.9,2,3
691,21/11/2020,27.1,88,0.1,2,5.8
692,22/11/2020,26.7,86,37.7,2,3.5
693,23/11/2020,25.8,90,8,2,2.3
694,24/11/2020,26.5,85,6.3,2,0
695,25/11/2020,26.6,87,0,2,1.6
696,26/11/2020,26.2,92,2.6,1,0.7
697,27/11/2020,26.7,89,6.4,2,0
698,28/11/2020,26.4,88,11.4,1,0
699,29/11/2020,27.3,83,3.7,2,0
700,30/11/2020,27.5,85,0,1,1.8
701,01/12/2020,28.7,79,5.8,2,4.7
702,02/12/2020,28.1,85,7.1,2,8.9
703,03/12/2020,27.3,88,1.3,3,6
704,04/12/2020,27.1,85,37.5,3,6.5
705,05/12/2020,26.6,89,7.1,4,3.4
706,06/12/2020,28.5,78,3.1,4,1.7
707,07/12/2020,27.6,81,7.1,3,6.3
708,08/12/2020,27.7,82,3.5,3,6.3
709,09/12/2020,27.4,84,17.6,3,7.8
710,10/12/2020,27.2,85,7.1,2,8
711,11/12/2020,28,76,2,2,7
712,12/12/2020,26.8,88,1.9,2,8.9
713,13/12/2020,27.5,79,7,2,3.4
714,14/12/2020,27,88,0,2,3.2
715,15/12/2020,25.7,90,10.7,2,5.9
716,16/12/2020,25.8,93,14.7,1,4.2
717,17/12/2020,25.9,88,3.8,2,0.5
718,18/12/2020,25.1,90,28.1,2,2
719,19/12/2020,26.9,80,3.8,2,0
720,20/12/2020,26.8,82,0,3,2.2
721,21/12/2020,27.3,80,1.2,2,6.2
722,22/12/2020,27.5,81,0.8,3,2.9
723,23/12/2020,27.5,85,7.1,3,7.7
724,24/12/2020,26.2,92,0,1,6.8
725,25/12/2020,27.7,86,26.6,4,0
726,26/12/2020,28.5,79,0,3,3.7
727,27/12/2020,27.4,86,7.1,4,5.3
728,28/12/2020,28.1,79,1,4,9.3
729,29/12/2020,26.2,88,0,2,8.1
730,30/12/2020,27.6,80,0.4,4,2.4
731,31/12/2020,27.1,82,7.1,4,5.5
732,01/01/2021,24.6,95,21.4,3,3.5
733,02/01/2021,23.1,96,192.1,2,0
734,03/01/2021,24.6,94,104.6,2,0
735,04/01/2021,25.2,88,1,2,0
736,05/01/2021,26.4,86,0,3,0
737,06/01/2021,26.7,86,1.4,3,5.1
738,07/01/2021,24.5,91,0.1,2,3.5
739,08/01/2021,25,96,13.6,2,0
740,09/01/2021,25.2,94,46.6,3,0
741,10/01/2021,23.5,97,180.5,4,0
742,11/01/2021,25.7,90,81.4,4,0
743,12/01/2021,26.2,85,6.5,6,0
744,13/01/2021,26.1,82,3.4,4,0.7
745,14/01/2021,25.6,84,0,3,0
746,15/01/2021,26.8,79,0,4,0
747,16/01/2021,26.8,83,0,5,7.6
748,17/01/2021,27,80,0,6,3.9
749,18/01/2021,26.6,72,0,6,5.6
750,19/01/2021,26.3,74,0,4,3.4
751,20/01/2021,26.5,78,0,3,5.4
752,21/01/2021,26.6,80,25.1,4,2.5
753,22/01/2021,26.5,83,25.1,4,7.6
754,23/01/2021,26.6,80,0,4,7.4
755,24/01/2021,26.7,82,0,4,4.7
756,25/01/2021,27.4,79,0,4,7.1
757,26/01/2021,26.8,78,25.1,4,8.2
758,27/01/2021,26.7,84,0,3,8.9
759,28/01/2021,26.9,85,0,4,1.2
760,29/01/2021,27.2,76,0,4,1.5
761,30/01/2021,27,78,25.1,5,6.7
762,31/01/2021,26.6,82,25.1,4,8
763,01/02/2021,27,82,1,4,6.1
764,02/02/2021,26.5,83,0.8,4,2.1
765,03/02/2021,27.1,77,0,5,4.6
766,04/02/2021,27,72,0,4,6.7
767,05/02/2021,26.9,81,0.06,5,9.2
768,06/02/2021,28,76,0,5,8
769,07/02/2021,27.2,78,0,4,9.7
770,08/02/2021,27.6,81,0.06,5,9.7
771,09/02/2021,27.4,81,0.06,4,6.7
772,10/02/2021,27.3,82,0.06,4,7.8
773,11/02/2021,27.2,80,0,5,3.9
774,12/02/2021,27.8,78,0,5,4.6
775,13/02/2021,27.6,77,0,5,8.5
776,14/02/2021,27.3,76,0,6,8.1
777,15/02/2021,27.3,72,0,5,4.7
778,16/02/2021,27.1,70,0,5,7.7
779,17/02/2021,26.7,72,0,5,6.4
780,18/02/2021,26.9,68,0,6,6.8
781,19/02/2021,27.2,72,0,6,7.5
782,20/02/2021,27.4,75,0,6,4.9
783,21/02/2021,27.4,74,0,5,8.8
784,22/02/2021,27.1,74,0,5,5.2
785,23/02/2021,27,74,0,5,9
786,24/02/2021,26.6,79,0,4,8.4
787,25/02/2021,27.1,79,0,4,1.7
788,26/02/2021,26.9,84,0.06,3,6.7
789,27/02/2021,27.3,82,0.06,3,9.1
790,28/02/2021,28,76,0,4,8.8
791,01/03/2021,27.4,81,14.1,4,9.3
792,02/03/2021,27.7,78,14.1,4,9.2
793,03/03/2021,28.2,76,14.1,4,10.2
794,04/03/2021,27.8,83,0,5,5.4
795,05/03/2021,28.9,77,14.1,5,9.6
796,06/03/2021,28.4,80,14.1,6,9.8
797,07/03/2021,26.5,86,0,2,9.1
798,08/03/2021,27,83,36.1,4,3.2
799,09/03/2021,27.6,77,14.1,5,9.7
800,10/03/2021,28.1,75,14.1,4,8.4
801,11/03/2021,28.1,78,14.1,5,9.9
802,12/03/2021,27.6,83,0,3,10
803,13/03/2021,27.7,81,14.1,4,3.7
804,14/03/2021,27.8,82,14.1,5,6.6
805,15/03/2021,28.6,75,14.1,5,6.4
806,16/03/2021,28,80,1,4,7.1
807,17/03/2021,27.7,84,14.1,4,6.3
808,18/03/2021,28.8,78,14.1,4,5.4
809,19/03/2021,28.7,78,0,4,5.4
810,20/03/2021,28.8,76,14.1,4,7.4
811,21/03/2021,28.6,79,14.1,4,8
812,22/03/2021,28.6,78,0,5,9.4
813,23/03/2021,28.6,75,14.1,4,8
814,24/03/2021,26.2,93,36.3,1,6.8
815,25/03/2021,26.2,90,58.1,2,1.2
816,26/03/2021,28.2,81,1.5,4,0
817,27/03/2021,26.9,82,0,1,7.3
818,28/03/2021,27.3,84,8.1,2,3.3
819,29/03/2021,27,89,14.1,1,8
820,30/03/2021,28.2,84,7,2,3.8
821,31/03/2021,27.6,80,49.6,2,9.2
822,01/04/2021,29.5,69,8.86,2,6.2
823,02/04/2021,28.9,84,0,3,6.4
824,03/04/2021,28,85,30.7,2,7.9
825,04/04/2021,27,86,35.3,1,4.6
826,05/04/2021,27.1,90,1.3,1,2.5
827,06/04/2021,28.1,82,1.6,4,1.8
828,07/04/2021,27.9,71,0,3,8
829,08/04/2021,28.2,82,8.86,2,9.7
830,09/04/2021,26.9,84,6.4,3,8.9
831,10/04/2021,28.1,80,0,3,6.6
832,11/04/2021,28.5,82,0,3,8.9
833,12/04/2021,27.8,77,0.1,2,7.3
834,13/04/2021,28.5,78,8.86,2,8
835,14/04/2021,27.8,80,0.5,1,7.7
836,15/04/2021,25.9,94,0,1,7.4
837,16/04/2021,27.7,83,23.3,1,3.8
838,17/04/2021,24.8,98,0,2,0.8
839,18/04/2021,27.8,82,68.6,2,3.2
840,19/04/2021,27.8,81,0,1,8.5
841,20/04/2021,27.5,85,8.86,2,5.3
842,21/04/2021,28.8,81,2.1,2,4.3
843,22/04/2021,26.6,92,1.3,2,8
844,23/04/2021,28.6,76,4.4,2,3.2
845,24/04/2021,25.2,92,8.86,1,7.7
846,25/04/2021,27.6,86,4,2,0
847,26/04/2021,28,86,8.86,2,6.1
848,27/04/2021,26.8,91,11,1,6.5
849,28/04/2021,28.2,84,4.4,1,5.4
850,29/04/2021,28.8,82,8.86,2,5.6
851,30/04/2021,28,86,8.86,2,9.3
852,01/05/2021,28,86,7.3,3,4.3
853,02/05/2021,29.1,81,0,3,6.9
854,03/05/2021,28.9,81,11.1,2,8.7
855,04/05/2021,29.1,79,0,2,9.3
856,05/05/2021,27.9,86,0,2,7.4
857,06/05/2021,26.7,91,0.4,1,1.6
858,07/05/2021,28,86,32,2,3.1
859,08/05/2021,27.5,88,11.1,1,2.9
860,09/05/2021,27.7,88,0,1,2.6
861,10/05/2021,28.6,85,13.4,2,4.2
862,11/05/2021,29,84,0,2,6.5
863,12/05/2021,27.3,90,7.2,1,5.5
864,13/05/2021,27.3,92,2.3,2,1.8
865,14/05/2021,28.3,90,7.3,1,5
866,15/05/2021,27.4,92,1,1,3.8
867,16/05/2021,27,94,15,2,2.3
868,17/05/2021,26.9,94,39.8,1,6.8
869,18/05/2021,26.2,95,83.2,2,0.3
870,19/05/2021,27.3,90,34.5,1,0.1
871,20/05/2021,28.3,84,0.3,2,0.7
872,21/05/2021,27.7,92,11.1,2,6.1
873,22/05/2021,27.1,83,2.8,3,4.5
874,23/05/2021,28.4,84,0,2,2.6
875,24/05/2021,29,85,11.1,3,5.1
876,25/05/2021,29,86,0,3,8.2
877,26/05/2021,29.6,82,0,2,9.7
878,27/05/2021,27.9,88,0,2,6
879,28/05/2021,27.4,90,8.9,1,4.9
880,29/05/2021,27.1,93,11.1,1,4
881,30/05/2021,27.8,88,31,1,2
882,31/05/2021,27.7,91,3.8,2,4.6
883,01/06/2021,27.6,91,8.7,2,4.6
884,02/06/2021,28.8,84,6.21,2,5.5
885,03/06/2021,28.8,87,6.21,2,4.4
886,04/06/2021,29.5,84,0.4,2,7.3
887,05/06/2021,29.3,81,4.7,2,4.7
888,06/06/2021,28.7,82,6.21,3,5.8
889,07/06/2021,28.8,82,6.21,2,9.6
890,08/06/2021,28.8,84,0.2,2,7
891,09/06/2021,27.6,87,0.5,1,5.1
892,10/06/2021,27.4,86,0.9,2,2
893,11/06/2021,28,83,0,2,5.2
894,12/06/2021,29.2,75,0,3,1.1
895,13/06/2021,27.3,84,1,2,5.4
896,14/06/2021,28.1,86,6.21,1,1.9
897,15/06/2021,26.8,91,0,2,4.3
898,16/06/2021,27.7,88,8.5,2,3.2
899,17/06/2021,28.7,83,6.21,2,6.8
900,18/06/2021,26,90,6.21,1,6
901,19/06/2021,27.5,85,8.2,1,0.1
902,20/06/2021,27.8,83,1.8,2,0
903,21/06/2021,27.2,81,48.1,2,6
904,22/06/2021,27.5,87,6.21,2,7.9
905,23/06/2021,27.5,84,0,1,1.1
906,24/06/2021,27.4,83,4.2,1,4.6
907,25/06/2021,26.3,90,0.4,1,4.6
908,26/06/2021,27.5,85,35,2,3.5
909,27/06/2021,25.6,93,0.4,1,5.9
910,28/06/2021,26.6,88,7.1,1,0.4
911,29/06/2021,27.4,87,5.3,2,4.7
912,30/06/2021,28.3,76,1.4,2,3
913,01/07/2021,28.6,80,0,3,5.8
914,02/07/2021,27.7,84,3.54,1,6
915,03/07/2021,27.2,90,0,2,2.8
916,04/07/2021,25.7,91,6.5,1,3.6
917,05/07/2021,26.2,94,1.1,2,0
918,06/07/2021,26.7,91,14.6,2,3.9
919,07/07/2021,26.7,88,5.5,2,0
920,08/07/2021,28,83,3.54,2,0.6
921,09/07/2021,26.8,88,0,2,7.2
922,10/07/2021,25.5,94,7.6,1,4.3
923,11/07/2021,26.3,89,22.5,2,6.9
924,12/07/2021,27,85,3.54,3,0.8
925,13/07/2021,25.1,90,3.54,4,5.5
926,14/07/2021,26.4,85,6,1,0
927,15/07/2021,27.4,84,0,2,0
928,16/07/2021,28.9,81,3.54,3,9.2
929,17/07/2021,28.1,84,3.54,3,7.5
930,18/07/2021,28.4,80,0,3,10.1
931,19/07/2021,28.3,83,3.54,2,8.4
932,20/07/2021,28.6,81,0,2,4.4
933,21/07/2021,29.1,78,3.54,4,4.6
934,22/07/2021,29,78,3.54,3,10.2
935,23/07/2021,28.8,82,0,3,10.4
936,24/07/2021,29.3,72,3.54,4,7.9
937,25/07/2021,29.2,80,0,4,8.5
938,26/07/2021,29,78,0,3,8.1
939,27/07/2021,29,77,3.54,4,7.1
940,28/07/2021,28.8,76,3.54,4,9.8
941,29/07/2021,29.6,72,3.54,4,9.3
942,30/07/2021,29.3,77,0,4,9.7
943,31/07/2021,28.1,82,0,2,9
944,01/08/2021,27.4,83,6.2,2,8.3
945,02/08/2021,28.1,81,1.6,3,2.1
946,03/08/2021,27.1,81,1.7,2,5
947,04/08/2021,25.2,94,25.5,2,4.4
948,05/08/2021,28.6,84,35.7,3,0
949,06/08/2021,29,81,8.27,3,6.9
950,07/08/2021,29,83,0,2,6
951,08/08/2021,26.5,90,8.27,2,5.1
952,09/08/2021,26.6,90,2.8,1,3.8
953,10/08/2021,28,86,1.7,2,6.5
954,11/08/2021,28,84,2.3,2,7.1
955,12/08/2021,28.7,78,1.4,2,5.2
956,13/08/2021,28,81,0,2,4.1
957,14/08/2021,26.4,90,0,2,2.6
958,15/08/2021,26.7,89,0.4,2,5.3
959,16/08/2021,27,84,6.5,2,3.2
960,17/08/2021,25.8,90,10.4,2,5.5
961,18/08/2021,25.6,89,3.6,2,0.2
962,19/08/2021,26.4,82,22.1,3,0.2
963,20/08/2021,25.9,90,8.27,1,7.1
964,21/08/2021,26.8,85,16.7,3,0
965,22/08/2021,25.3,91,8.27,2,1.6
966,23/08/2021,25.9,92,6.5,2,2.2
967,24/08/2021,24.5,94,10.1,1,2.7
968,25/08/2021,25,90,21.2,2,0
969,26/08/2021,26,88,1.9,1,0.1
970,27/08/2021,25.5,94,2.5,3,6.1
971,28/08/2021,27.1,87,26.6,3,3.1
972,29/08/2021,27.1,85,0.2,2,7.4
973,30/08/2021,25.4,91,9.1,2,5.6
974,31/08/2021,27.4,84,6.7,2,0.1
975,01/09/2021,27.5,82,12.1,4,1.6
976,02/09/2021,24.9,92,83.2,2,5.4
977,03/09/2021,27.3,82,2.2,2,0
978,04/09/2021,28.5,81,0,3,7.5
979,05/09/2021,28.6,79,0.1,2,8.7
980,06/09/2021,28.4,80,0,2,9
981,07/09/2021,26.4,86,1.3,4,6.6
982,08/09/2021,27.6,77,0.8,4,7.4
983,09/09/2021,28.2,80,0,3,4.1
984,10/09/2021,25.7,86,3.5,2,7.3
985,11/09/2021,27.5,86,11.3,2,1.5
986,12/09/2021,28.5,82,0,2,6.5
987,13/09/2021,26.5,88,1,2,6.8
988,14/09/2021,27.1,88,28.1,1,0
989,15/09/2021,28,82,11.3,3,5.9
990,16/09/2021,27.6,87,11.3,3,5.3
991,17/09/2021,28.8,81,11.3,2,5.6
992,18/09/2021,27.9,84,0,2,9.2
993,19/09/2021,26.7,84,11.3,3,6.2
994,20/09/2021,28.3,79,11.3,3,2.6
995,21/09/2021,28.5,81,1,3,9.7
996,22/09/2021,28.3,80,4,3,8.2
997,23/09/2021,27.4,84,8.9,2,9.2
998,24/09/2021,28,82,0,2,8.7
999,25/09/2021,28.7,81,11.3,1,6.3
1000,26/09/2021,29.4,79,42,3,5.7
1001,27/09/2021,27,88,6.6,1,9.3
1002,28/09/2021,27.3,85,42,1,5.2
1003,29/09/2021,27.2,87,0,2,5.3
1004,30/09/2021,24.9,96,25.3,3,4.7
1005,01/10/2021,26.8,87,17.6,3,4.7
1006,02/10/2021,26.9,85,18,1,0.2
1007,03/10/2021,27.7,84,10.93,2,0
1008,04/10/2021,27.1,89,10.93,2,4.3
1009,05/10/2021,27.4,88,6.3,2,6.9
1010,06/10/2021,29.3,79,0.3,3,6.9
1011,07/10/2021,28.2,82,0,3,9.2
1012,08/10/2021,29.1,80,10.93,3,2.9
1013,09/10/2021,29.3,73,10.93,3,10.1
1014,10/10/2021,27.7,88,10.93,2,9.7
1015,11/10/2021,28.4,81,55.7,2,3.9
1016,12/10/2021,29.1,84,0,3,8.1
1017,13/10/2021,28.3,85,10.93,3,7.3
1018,14/10/2021,29.4,80,1.6,3,5.5
1019,15/10/2021,29.6,80,10.93,3,9.1
1020,16/10/2021,28.9,82,0,2,6.6
1021,17/10/2021,27.1,90,0,2,3.9
1022,18/10/2021,27,86,35,1,4.3
1023,19/10/2021,28.1,84,10.93,2,2.1
1024,20/10/2021,26.7,90,10.93,2,6.1
1025,21/10/2021,27.2,84,17.9,2,2.4
1026,22/10/2021,27.1,88,0,1,5.6
1027,23/10/2021,26.4,91,33.3,1,2.5
1028,24/10/2021,28.1,83,3,1,1.9
1029,25/10/2021,27.8,83,10.93,1,7
1030,26/10/2021,28.5,82,1,1,3.8
1031,27/10/2021,28.9,74,12.7,2,6.4
1032,28/10/2021,27.3,86,0,2,9.2
1033,29/10/2021,27.7,86,5.4,2,0
1034,30/10/2021,27.9,82,10.93,2,3.4
1035,31/10/2021,27.5,86,10.93,1,4.1
1036,01/11/2021,26.5,91,4.6,1,6.1
1037,02/11/2021,27.1,86,2.6,2,0.3
1038,03/11/2021,26.9,88,6.2,1,4.9
1039,04/11/2021,27.7,82,13.2,1,2.3
1040,05/11/2021,26.3,91,10.87,2,2.7
1041,06/11/2021,27.1,89,20,1,3.2
1042,07/11/2021,26.5,93,8.1,2,2.3
1043,08/11/2021,26.6,93,12.7,1,1.3
1044,09/11/2021,27.3,89,10.1,2,0
1045,10/11/2021,26.1,90,4.4,3,5.5
1046,11/11/2021,27.4,83,14.1,3,0
1047,12/11/2021,27.5,82,27.4,2,3.4
1048,13/11/2021,25.2,88,4.9,2,4.6
1049,14/11/2021,27.9,83,1.8,1,0.3
1050,15/11/2021,26.4,93,10.87,2,2.8
1051,16/11/2021,27.7,85,13.8,2,1.4
1052,17/11/2021,27.6,84,0,2,3.1
1053,18/11/2021,27.6,84,10.3,2,5.7
1054,19/11/2021,27.8,84,10.87,2,3.2
1055,20/11/2021,26.1,88,33.2,1,4.2
1056,21/11/2021,27.6,86,0.3,2,0.4
1057,22/11/2021,27.8,86,47.5,1,5.8
1058,23/11/2021,26.6,92,0.9,2,4.3
1059,24/11/2021,26.3,91,5.5,1,4.2
1060,25/11/2021,27.6,84,14.1,2,0
1061,26/11/2021,28.1,78,10.87,2,5.8
1062,27/11/2021,28.2,75,0.3,1,5.4
1063,28/11/2021,27.6,82,10.87,2,0.8
1064,29/11/2021,28.8,75,10.87,3,1.7
1065,30/11/2021,28.9,76,4.9,2,9.3
1066,01/12/2021,28.8,80,0,3,9.7
1067,02/12/2021,26.3,84,2,1,8.2
1068,03/12/2021,27.2,82,80.9,3,0
1069,04/12/2021,27.4,82,8.86,4,2.5
1070,05/12/2021,27.4,81,8.86,3,5.4
1071,06/12/2021,27.6,78,0,4,1.8
1072,07/12/2021,28.1,77,0,4,3.5
1073,08/12/2021,28.4,76,8.86,5,7.8
1074,09/12/2021,28.4,75,8.86,4,4.3
1075,10/12/2021,28,80,0,3,5.9
1076,11/12/2021,26.9,90,6.1,3,5.5
1077,12/12/2021,26.9,86,9,3,1.9
1078,13/12/2021,26.7,84,0.7,4,0.1
1079,14/12/2021,28,80,8.86,3,5.4
1080,15/12/2021,27.4,85,0,2,5.5
1081,16/12/2021,27.7,81,36.3,3,3.5
1082,17/12/2021,27.9,80,2.6,3,7.1
1083,18/12/2021,27.6,84,5.6,2,6.3
1084,19/12/2021,27.2,84,22.9,3,2
1085,20/12/2021,27.5,82,0,2,0.8
1086,21/12/2021,27.9,84,8.86,4,2.7
1087,22/12/2021,28.1,80,8.86,2,8
1088,23/12/2021,27,91,1.2,1,2.8
1089,24/12/2021,27.1,88,0.7,3,0.6
1090,25/12/2021,27.9,83,8.86,4,0.4
1091,26/12/2021,28.1,82,0.4,4,4.5
1092,27/12/2021,28.3,77,0,4,7
1093,28/12/2021,28,79,8.86,4,7.8
1094,29/12/2021,27.8,84,8.86,3,8.6
1095,30/12/2021,27.4,84,8.86,3,5.1
1096,31/12/2021,26.5,91,8.86,3,1.5
1097,01/01/2022,25.9,90,50.6,2,3.3
1098,02/01/2022,24.3,97,55.8,2,1.4
1099,03/01/2022,26.4,84,11.8,2,0
1100,04/01/2022,26.7,84,6.4,3,4
1101,05/01/2022,27.6,81,0,3,3.8
1102,06/01/2022,27.9,78,6.4,4,6.6
1103,07/01/2022,27.9,81,0,4,8.7
1104,08/01/2022,27.9,82,6.4,4,8.4
1105,09/01/2022,28,80,6.4,5,4.6
1106,10/01/2022,27.8,82,6.4,4,9.2
1107,11/01/2022,27.2,82,0,4,7.6
1108,12/01/2022,27.9,75,6.4,5,2.2
1109,13/01/2022,27.2,76,6.4,4,7.6
1110,14/01/2022,27.2,78,6.4,4,9.6
1111,15/01/2022,27.9,76,0,5,6.9
1112,16/01/2022,28.1,78,0,5,8.6
1113,17/01/2022,27.9,80,0,5,7
1114,18/01/2022,27.9,73,3.6,4,3.7
1115,19/01/2022,27.3,78,0,4,9.3
1116,20/01/2022,27.2,78,6.1,4,4.9
1117,21/01/2022,27.4,78,0,5,2.5
1118,22/01/2022,27.8,77,0,4,8.7
1119,23/01/2022,26.9,82,0,4,8.1
1120,24/01/2022,27.1,82,0,4,9.8
1121,25/01/2022,27.5,79,6.4,4,2.5
1122,26/01/2022,27.6,78,0,3,9.1
1123,27/01/2022,27.3,79,6.4,3,7.6
1124,28/01/2022,27.3,79,0,4,8.3
1125,29/01/2022,27.4,79,6.4,4,9.5
1126,30/01/2022,27.4,80,0,4,8.9
1127,31/01/2022,27.5,82,0,4,8.1
1128,01/02/2022,28.1,77,12.7,4,5.9
1129,02/02/2022,27.6,79,12.7,4,7
1130,03/02/2022,28.4,79,12.7,5,8.5
1131,04/02/2022,28.5,78,15.7,4,8.9
1132,05/02/2022,28,78,0.1,5,7.9
1133,06/02/2022,25.7,94,58,5,8.2
1134,07/02/2022,26.4,88,37.4,4,6
1135,08/02/2022,26.5,87,0.8,5,0
1136,09/02/2022,26.8,84,1.8,4,0
1137,10/02/2022,24,96,76.8,4,3
1138,11/02/2022,25.3,88,7,5,0
1139,12/02/2022,26.8,81,14.8,5,0
1140,13/02/2022,27.5,80,0,5,8.3
1141,14/02/2022,27.5,83,12.7,6,5.9
1142,15/02/2022,27.6,85,12.7,5,7
1143,16/02/2022,25.9,81,12.7,5,4.9
1144,17/02/2022,27,82,6.1,5,0.5
1145,18/02/2022,28.4,78,12.7,6,6
1146,19/02/2022,27.7,83,12.7,6,8.7
1147,20/02/2022,27.3,84,0.5,6,5.1
1148,21/02/2022,27.8,83,4.3,5,5.7
1149,22/02/2022,27.8,79,0,5,7.5
1150,23/02/2022,27.2,84,0,5,9.1
1151,24/02/2022,25.3,88,6.3,4,7.1
1152,25/02/2022,27.6,76,11.7,4,0
1153,26/02/2022,26,90,1.7,3,9.5
1154,27/02/2022,27.7,82,0.1,3,0
1155,28/02/2022,28.1,81,12.7,4,4.1
1156,01/03/2022,27.2,85,5.3,3,8.8
1157,02/03/2022,27.4,85,3.4,4,5.2
1158,03/03/2022,27.4,86,12.8,2,8
1159,04/03/2022,27.6,84,38.5,3,6.4
1160,05/03/2022,28,79,0,2,8.1
1161,06/03/2022,26.9,87,37.8,2,8.2
1162,07/03/2022,27.9,84,1.2,4,1.8
1163,08/03/2022,26.7,85,0,3,4.5
1164,09/03/2022,28.4,80,0,4,8.1
1165,10/03/2022,26.8,82,3,4,4.3
1166,11/03/2022,27.8,84,4.4,4,3.6
1167,12/03/2022,27.9,80,0,3,7.1
1168,13/03/2022,27.6,84,0,4,9
1169,14/03/2022,27.9,85,5.3,3,8.7
1170,15/03/2022,26.4,89,5.3,2,6.5
1171,16/03/2022,27.5,81,18.4,2,3.8
1172,17/03/2022,27,89,0,2,5.1
1173,18/03/2022,28.3,82,5.3,2,4.6
1174,19/03/2022,28.1,80,2.3,3,2.2
1175,20/03/2022,26.5,83,0.2,2,7.4
1176,21/03/2022,27.5,78,3.1,1,3.7
1177,22/03/2022,28.1,90,0,2,6.4
1178,23/03/2022,28.7,84,2.5,2,2.7
1179,24/03/2022,28.9,85,0,4,6.3
1180,25/03/2022,29.8,76,0,4,8.8
1181,26/03/2022,29,84,5.3,2,10.1
1182,27/03/2022,27.9,83,0,2,7.8
1183,28/03/2022,28.1,86,0,3,7.5
1184,29/03/2022,28.4,82,0.9,3,7.2
1185,30/03/2022,29.1,81,5.3,3,7.5
1186,31/03/2022,27.6,83,5.3,2,9.8
1187,01/04/2022,28.8,80,12.2,2,3
1188,02/04/2022,28.1,82,0,1,8.1
1189,03/04/2022,26.4,86,2,2,2.8
1190,04/04/2022,27.9,80,2,2,2.5
1191,05/04/2022,27.6,84,0,2,5.7
1192,06/04/2022,27.6,82,12.2,2,2.6
1193,07/04/2022,25.6,90,9.2,1,7.5
1194,08/04/2022,27.8,81,36.8,3,0
1195,09/04/2022,25.1,90,31.5,1,3.9
1196,10/04/2022,26.8,87,3.8,1,0.3
1197,11/04/2022,26.2,91,0,1,5
1198,12/04/2022,26.9,90,16.3,1,4.2
1199,13/04/2022,26.6,90,7.5,2,4.2
1200,14/04/2022,27.5,85,61,2,2.6
1201,15/04/2022,28.3,86,12.2,2,7.8
1202,16/04/2022,27.8,82,34.8,2,3.3
1203,17/04/2022,29.4,82,1,3,3.7
1204,18/04/2022,27.1,86,50.7,2,7.1
1205,19/04/2022,27.3,87,0.9,2,1.7
1206,20/04/2022,28.1,84,0.2,2,4.5
1207,21/04/2022,26.6,89,12.2,1,2
1208,22/04/2022,27.6,84,12.5,4,0
1209,23/04/2022,29.3,82,0,2,8.7
1210,24/04/2022,28.6,85,2.5,2,8.9
1211,25/04/2022,28.1,86,12.2,1,4.5
1212,26/04/2022,27.5,88,2.1,1,6.7
1213,27/04/2022,26.9,94,12.2,2,2.4
1214,28/04/2022,28.6,86,8.5,2,1.2
1215,29/04/2022,27.5,90,0,2,5.4
1216,30/04/2022,28.1,82,10.9,2,6
1217,01/05/2022,28.8,86,6.1,2,3.8
1218,02/05/2022,27.6,85,1.3,4,2
1219,03/05/2022,26.8,86,28.9,2,0
1220,04/05/2022,27.7,84,2.7,2,5.6
1221,05/05/2022,28.3,87,3.6,2,0
1222,06/05/2022,29,81,0.3,2,3.1
1223,07/05/2022,27.5,94,6.1,2,8.7
1224,08/05/2022,27.4,88,16.8,3,3.4
1225,09/05/2022,29.9,81,0.2,4,2.1
1226,10/05/2022,30,82,0,3,8.4
1227,11/05/2022,27,88,6.1,1,10.1
1228,12/05/2022,29.3,77,2.7,3,0
1229,13/05/2022,29.1,82,0,3,10.9
1230,14/05/2022,29.8,82,0,2,6.8
1231,15/05/2022,29.3,84,6.1,2,7.8
1232,16/05/2022,28.2,83,13.5,2,7.9
1233,17/05/2022,29.3,81,6.1,2,4.4
1234,18/05/2022,29.7,79,0,2,10
1235,19/05/2022,27.7,91,0,1,8.5
1236,20/05/2022,26.2,92,30,1,1.7
1237,21/05/2022,28.2,87,18,2,2.1
1238,22/05/2022,29.4,79,0,2,6.8
1239,23/05/2022,29.5,83,0,2,9.6
1240,24/05/2022,29.6,82,18.5,2,6.6
1241,25/05/2022,28.1,86,0.7,2,5.3
1242,26/05/2022,28.4,79,12.6,2,5.2
1243,27/05/2022,29,80,0,2,5.2
1244,28/05/2022,28.3,74,2.7,2,7.1
1245,29/05/2022,29.5,76,0,2,6.3
1246,30/05/2022,29.5,78,6.1,2,10.1
1247,31/05/2022,29.1,82,0,1,7.9
1248,01/06/2022,28.8,85,0,1,6.8
1249,02/06/2022,27,92,12,2,3.6
1250,03/06/2022,28.1,86,4.4,1,1.3
1251,04/06/2022,28.3,84,7,2,1
1252,05/06/2022,27.2,86,2.4,2,5.8
1253,06/06/2022,27.7,84,0.9,2,5.7
1254,07/06/2022,26.6,88,0,1,6.8
1255,08/06/2022,27.2,85,9,2,0.5
1256,09/06/2022,27,89,53.1,2,8.1
1257,10/06/2022,27.8,82,0,2,0
1258,11/06/2022,26.5,88,13.6,2,6.2
1259,12/06/2022,26.5,88,42.7,2,3.9
1260,13/06/2022,27.2,88,1.3,1,0
1261,14/06/2022,28.3,80,0.2,2,2.9
1262,15/06/2022,27,86,1.1,2,5.7
1263,16/06/2022,24.5,94,6.5,2,5.9
1264,17/06/2022,27.2,85,123.1,1,1.8
1265,18/06/2022,27.3,85,0,1,0.2
1266,19/06/2022,26.7,90,1.7,1,0.8
1267,20/06/2022,25.5,93,3.2,2,2.7
1268,21/06/2022,25.5,94,33.4,2,0
1269,22/06/2022,26.2,88,12.5,2,0.4
1270,23/06/2022,26.4,90,13.6,2,1.5
1271,24/06/2022,26.8,84,38.8,2,4.8
1272,25/06/2022,26.1,90,0,2,4.6
1273,26/06/2022,28,84,4,2,0.6
1274,27/06/2022,27.6,85,13.6,2,5.7
1275,28/06/2022,27,88,0,2,6.1
1276,29/06/2022,27.9,84,0.9,4,3
1277,30/06/2022,26.1,88,10.4,3,6.2
1278,01/07/2022,28.2,82,0.3,2,0
1279,02/07/2022,28.3,78,9.4,2,7.2
1280,03/07/2022,27.9,82,2.4,2,3.5
1281,04/07/2022,28.2,86,9.4,2,4.9
1282,05/07/2022,25.6,94,0,2,6.1
1283,06/07/2022,28.2,85,34.1,2,2.8
1284,07/07/2022,28.9,79,9.4,3,0.1
1285,08/07/2022,27,83,14.8,3,9.9
1286,09/07/2022,28.7,82,9.4,2,3
1287,10/07/2022,27.4,84,9.4,2,5.1
1288,11/07/2022,27.3,84,0,2,3.3
1289,12/07/2022,27.8,81,9.4,2,1.8
1290,13/07/2022,27.7,86,9.4,2,6.2
1291,14/07/2022,28.8,84,9.4,2,0.2
1292,15/07/2022,28.8,85,3.2,3,2.8
1293,16/07/2022,29.2,78,0,4,5.3
1294,17/07/2022,29.5,80,0,3,10.4
1295,18/07/2022,29.3,83,9.4,3,9.6
1296,19/07/2022,29.4,82,9.4,4,5.4
1297,20/07/2022,28.3,80,9.4,2,10.5
1298,21/07/2022,27.7,88,4.6,2,3
1299,22/07/2022,28,83,9.4,2,6.6
1300,23/07/2022,27.8,87,9.4,1,2.3
1301,24/07/2022,26.9,89,9.4,2,5
1302,25/07/2022,26.1,89,22.9,2,4
1303,26/07/2022,25.9,90,44.2,2,3.5
1304,27/07/2022,28.1,83,0.6,3,0.3
1305,28/07/2022,29.2,83,12.5,3,6.8
1306,29/07/2022,28.1,84,3.7,3,7.4
1307,30/07/2022,28.2,82,6.8,4,5.7
1308,31/07/2022,28.9,78,9.4,3,7.8
1309,01/08/2022,27.9,86,0,2,7.1
1310,02/08/2022,26.5,91,2.4,2,5.2
1311,03/08/2022,27.2,83,10.5,3,3.8
1312,04/08/2022,26.6,86,0,2,3.6
1313,05/08/2022,27.1,83,1,2,0.8
1314,06/08/2022,27.5,79,9.5,3,0
1315,07/08/2022,28.3,80,9.5,3,5.3
1316,08/08/2022,29.1,79,9.5,3,6.7
1317,09/08/2022,28.3,81,9.5,3,6.5
1318,10/08/2022,28.3,82,9.5,3,7
1319,11/08/2022,29.1,81,9.5,3,7
1320,12/08/2022,28.5,82,9.5,2,9.9
1321,13/08/2022,26.9,85,9.5,2,6
1322,14/08/2022,27.7,85,0.2,2,2.4
1323,15/08/2022,28,83,9.5,2,8.7
1324,16/08/2022,26.4,86,3.3,1,5.8
1325,17/08/2022,27.9,86,1.8,3,0.9
1326,18/08/2022,28.9,80,2.3,4,8
1327,19/08/2022,27.5,87,0.2,2,6.1
1328,20/08/2022,27,85,2.5,2,3.3
1329,21/08/2022,26.1,88,0.2,3,3.8
1330,22/08/2022,27.5,82,0.2,3,1.5
1331,23/08/2022,26.4,92,9.5,2,6.9
1332,24/08/2022,27.6,86,22.5,3,2.6
1333,25/08/2022,26.6,90,9.1,3,5.3
1334,26/08/2022,25.3,94,44.5,1,1
1335,27/08/2022,26.2,92,9.2,2,0
1336,28/08/2022,26.2,90,62.9,1,1.4
1337,29/08/2022,26.6,87,1.1,1,2.2
1338,30/08/2022,26,92,20.4,2,2.6
1339,31/08/2022,27.5,86,5.1,2,0.6
1340,01/09/2022,27.3,85,0,1,4.1
1341,02/09/2022,25.7,92,10.3,2,8
1342,03/09/2022,27.2,88,17.7,3,2.2
1343,04/09/2022,26.5,92,10.3,2,4.9
1344,05/09/2022,26.6,92,7.3,2,0.9
1345,06/09/2022,26.5,90,7.1,2,3
1346,07/09/2022,25,88,6.8,2,6.8
1347,08/09/2022,27.2,83,16.7,1,0.7
1348,09/09/2022,25.7,94,3.1,1,0.5
1349,10/09/2022,27.7,81,33.8,3,2
1350,11/09/2022,28.1,81,10.3,1,6.4
1351,12/09/2022,27.9,78,0.9,1,2
1352,13/09/2022,25.5,96,10.3,2,7.4
1353,14/09/2022,25.3,91,22.6,3,2.2
1354,15/09/2022,27.1,84,8.5,1,1.3
1355,16/09/2022,27.7,82,10.3,2,3.7
1356,17/09/2022,27.4,89,10.3,2,4.7
1357,18/09/2022,25.5,94,11.2,2,2.3
1358,19/09/2022,26.7,87,34.8,2,0
1359,20/09/2022,27,86,0,1,0.7
1360,21/09/2022,27.4,87,0,2,0
1361,22/09/2022,25.7,86,10.3,2,8
1362,23/09/2022,27.6,80,4.8,2,0.1
1363,24/09/2022,27.6,87,0,2,3.3
1364,25/09/2022,26.5,87,33.7,2,4.5
1365,26/09/2022,27.6,85,17.2,2,2.6
1366,27/09/2022,27.8,84,0,2,0.1
1367,28/09/2022,27.5,84,10.3,2,2.2
1368,29/09/2022,27.8,80,1,1,5
1369,30/09/2022,28.5,84,0,1,3.1
1370,01/10/2022,27.4,88,0.5,2,4.9
1371,02/10/2022,26.7,86,14.5,2,5.4
1372,03/10/2022,26.1,92,0,1,5.4
1373,04/10/2022,26.4,87,5.2,2,2.2
1374,05/10/2022,26.2,88,36.5,2,0.7
1375,06/10/2022,26.1,92,3.4,2,0.8
1376,07/10/2022,25.1,95,34.9,2,1.7
1377,08/10/2022,26.3,88,33.3,2,0.3
1378,09/10/2022,27.6,81,10.6,3,1.7
1379,10/10/2022,25.7,86,4.3,2,1.8
1380,11/10/2022,26.1,90,0.4,2,0.2
1381,12/10/2022,25.9,84,24.1,2,6.6
1382,13/10/2022,27.9,78,0,2,0
1383,14/10/2022,27.3,84,0,2,7.5
1384,15/10/2022,28.3,79,2,3,3.8
1385,16/10/2022,26.5,86,11.4,2,7.6
1386,17/10/2022,26.9,86,21.6,1,1
1387,18/10/2022,28.5,80,4,2,5.3
1388,19/10/2022,28.1,85,10.6,2,3.4
1389,20/10/2022,28.8,82,0,2,2.1
1390,21/10/2022,26,93,1.8,1,6.7
1391,22/10/2022,26.8,92,48.2,2,0.5
1392,23/10/2022,26.9,84,3.4,2,4.5
1393,24/10/2022,27.2,84,5.1,2,0.1
1394,25/10/2022,27.2,86,1.1,2,0.7
1395,26/10/2022,26.3,88,12.9,2,2.3
1396,27/10/2022,28,78,6.9,3,0.4
1397,28/10/2022,28.9,74,0,2,8.1
1398,29/10/2022,27.9,80,10.6,2,6.3
1399,30/10/2022,27.6,84,0,3,3.4
1400,31/10/2022,27.2,83,21.3,2,1.7
1401,01/11/2022,27.2,86,8.7,2,2.7
1402,02/11/2022,27.2,87,4.8,1,0
1403,03/11/2022,27.2,83,28.4,2,3.4
1404,04/11/2022,27.9,87,0,2,1.5
1405,05/11/2022,24.4,95,43.7,1,2.6
1406,06/11/2022,26.1,92,2.5,2,0
1407,07/11/2022,26.9,85,6.7,2,0
1408,08/11/2022,26.8,90,3.4,2,2.4
1409,09/11/2022,25.6,91,4,2,4.9
1410,10/11/2022,26.6,89,11.3,2,4.9
1411,11/11/2022,26.9,89,0.9,2,1.4
1412,12/11/2022,26,94,1.8,1,3.3
1413,13/11/2022,26.4,92,14,2,1.5
1414,14/11/2022,26.3,89,4.3,2,2.1
1415,15/11/2022,27.4,80,6.2,2,2.6
1416,16/11/2022,27.7,88,8.7,3,3.1
1417,17/11/2022,27.1,85,9,2,7.2
1418,18/11/2022,28.6,77,0,3,1.8
1419,19/11/2022,26.4,88,8.7,2,4.3
1420,20/11/2022,27.8,80,5.4,3,0
1421,21/11/2022,27.9,78,15.9,2,4.6
1422,22/11/2022,29.2,78,2.3,3,8.4
1423,23/11/2022,25.9,89,8.3,2,10.8
1424,24/11/2022,28.5,81,3.6,3,0
1425,25/11/2022,27.1,85,31.4,2,6.6
1426,26/11/2022,27.6,88,8.7,2,1.7
1427,27/11/2022,26.2,94,8.7,1,3.8
1428,28/11/2022,27.5,87,7,3,0
1429,29/11/2022,27,89,1.8,1,9.6
1430,30/11/2022,27.5,80,1,2,6.4
1431,01/12/2022,27.2,85,6.6,2,8.9
1432,02/12/2022,26.7,86,1.6,2,7.2
1433,03/12/2022,27,83,13.3,2,0.1
1434,04/12/2022,26.3,91,13.3,1,5.3
1435,05/12/2022,26.6,91,4,2,0.1
1436,06/12/2022,26.9,85,0.9,2,2.9
1437,07/12/2022,28,85,6.6,2,7.9
1438,08/12/2022,26.5,91,15.6,2,7.5
1439,09/12/2022,25.7,90,1.8,2,2.4
1440,10/12/2022,27.1,82,4.8,2,2
1441,11/12/2022,25.9,93,6.6,2,1.5
1442,12/12/2022,26.7,89,24.8,2,0.1
1443,13/12/2022,25.9,94,25.1,3,0
1444,14/12/2022,25.8,90,1,3,2
1445,15/12/2022,25.3,92,35.5,3,0.5
1446,16/12/2022,27.2,86,4.4,3,0.2
1447,17/12/2022,27.3,88,0,3,6.7
1448,18/12/2022,27.3,86,0.2,2,7.8
1449,19/12/2022,25.8,90,5.4,3,4.4
1450,20/12/2022,26.9,86,0.4,3,2.5
1451,21/12/2022,27.1,86,0.3,3,7.7
1452,22/12/2022,26.1,86,0,4,7.5
1453,23/12/2022,26.3,84,12.4,3,0.9
1454,24/12/2022,27.5,73,1,5,1
1455,25/12/2022,27.3,78,0,4,8.1
1456,26/12/2022,27.5,76,0,5,6.5
1457,27/12/2022,27.4,76,0,3,4.5
1458,28/12/2022,26.5,82,1.2,3,4.5
1459,29/12/2022,26.7,84,0.2,3,4.1
1460,30/12/2022,27,76,16.2,3,2.6
1461,31/12/2022,26.9,82,1.2,4,4.4
1462,01/01/2023,27.2,79,0.8,3,4
1463,02/01/2023,27.4,79,0,3,2.9
1464,03/01/2023,27.3,83,0,3,3.6
1465,04/01/2023,26.2,84,3.5,3,5.8
1466,05/01/2023,27.1,86,15.1,2,0
1467,06/01/2023,28,79,2.2,2,5.6
1468,07/01/2023,27.4,78,1.8,2,7.3
1469,08/01/2023,28.3,76,0,3,6.1
1470,09/01/2023,27.9,82,15.1,2,9.5
1471,10/01/2023,26.7,92,0,2,5
1472,11/01/2023,24.9,92,12,1,2.7
1473,12/01/2023,26.6,84,2.4,2,1.3
1474,13/01/2023,27.8,82,0,2,6.1
1475,14/01/2023,27.3,85,15.1,2,7
1476,15/01/2023,27.7,81,15.1,2,3.7
1477,16/01/2023,27.3,82,2.4,4,5
1478,17/01/2023,28.3,70,0,4,5.4
1479,18/01/2023,27.1,84,0,4,9.4
1480,19/01/2023,25.8,88,15.1,3,7.6
1481,20/01/2023,25.5,94,16.8,3,4
1482,21/01/2023,26.9,86,47.4,4,2.3
1483,22/01/2023,27,87,15.1,4,9.4
1484,23/01/2023,25,98,25.3,2,7.4
1485,24/01/2023,24.3,99,57.6,2,0
1486,25/01/2023,24.4,94,14.3,3,0
1487,26/01/2023,24.7,93,148.8,3,0
1488,27/01/2023,26.6,85,0.5,4,0
1489,28/01/2023,24.5,93,5,4,2.5
1490,29/01/2023,24.5,92,32.6,5,0
1491,30/01/2023,25.8,89,2.6,5,0
1492,31/01/2023,24.8,94,0.9,3,1.4
1493,01/02/2023,26.3,86,13.4,4,0
1494,02/02/2023,26.1,91,0,2,5.3
1495,03/02/2023,25.9,92,14.6,3,5.1
1496,04/02/2023,24.5,96,18.7,2,5.4
1497,05/02/2023,25.8,92,25,2,0.7
1498,06/02/2023,27.1,82,24.2,2,6
1499,07/02/2023,27.2,84,11.6,4,5.3
1500,08/02/2023,27.3,87,0,4,4.7
1501,09/02/2023,27.1,84,11.6,3,5.4
1502,10/02/2023,26.4,85,11.6,3,4.6
1503,11/02/2023,27.4,86,29.6,3,5.3
1504,12/02/2023,24.5,96,3.7,2,4.5
1505,13/02/2023,26.8,87,23,3,0.7
1506,14/02/2023,26.3,88,11.6,3,4.5
1507,15/02/2023,26.1,89,62.9,4,5.5
1508,16/02/2023,26.5,82,24.2,4,0.9
1509,17/02/2023,29.1,69,0,5,9
1510,18/02/2023,27.5,83,0,5,7.7
1511,19/02/2023,27.5,81,11.6,5,9.7
1512,20/02/2023,27.5,79,0,4,8.8
1513,21/02/2023,27.6,78,0,5,3.7
1514,22/02/2023,27.8,78,11.6,5,9
1515,23/02/2023,27.8,76,11.6,4,4.8
1516,24/02/2023,27.8,73,0,4,4.3
1517,25/02/2023,27.3,78,0,5,7.6
1518,26/02/2023,27.9,76,0,5,5.3
1519,27/02/2023,27,84,0.4,5,5.4
1520,28/02/2023,25.5,94,3.3,3,3.1
1521,01/03/2023,24,96,298.4,2,0
1522,02/03/2023,24.5,94,5.4,3,0
1523,03/03/2023,24.3,98,40.8,2,3
1524,04/03/2023,24.1,95,99.2,3,3
1525,05/03/2023,24.9,93,29.1,3,0
1526,06/03/2023,25,90,6.1,4,0
1527,07/03/2023,25.5,90,2.5,4,2.3
1528,08/03/2023,27.1,84,10.6,5,1.2
1529,09/03/2023,27.4,83,0,5,7.8
1530,10/03/2023,27.3,83,0,6,9.6
1531,11/03/2023,27.5,84,5.1,5,2
1532,12/03/2023,27.1,86,0,5,5.7
1533,13/03/2023,27.6,78,0,5,9.7
1534,14/03/2023,26.8,80,0,5,5
1535,15/03/2023,27,76,0,5,7.1
1536,16/03/2023,27.5,84,0,5,6.1
1537,17/03/2023,27.8,84,0,6,10
1538,18/03/2023,27.7,80,0,5,9.8
1539,19/03/2023,28.2,80,21,4,9.8
1540,20/03/2023,28.3,81,21,5,3
1541,21/03/2023,26.5,84,0.1,3,8
1542,22/03/2023,28.3,86,0,3,7.1
1543,23/03/2023,27.8,88,0,3,8.5
1544,24/03/2023,28.1,83,0,3,9.7
1545,25/03/2023,25.8,96,0,2,8.8
1546,26/03/2023,27.7,84,49.7,2,2.5
1547,27/03/2023,25.9,96,21,2,5.9
1548,28/03/2023,28,83,20.4,3,0
1549,29/03/2023,28.2,81,21,4,10.2
1550,30/03/2023,28.6,78,0,3,9
1551,31/03/2023,27.7,83,0,3,9
1552,01/04/2023,28.1,84,5.01,2,5.2
1553,02/04/2023,28.1,84,5.01,2,4.1
1554,03/04/2023,25,94,14.7,2,4.2
1555,04/04/2023,28.5,77,7.4,2,0
1556,05/04/2023,27.7,86,0,2,9.6
1557,06/04/2023,27.8,81,0.9,2,0
1558,07/04/2023,26.5,82,0,2,1.9
1559,08/04/2023,27.6,86,0,3,0.3
1560,09/04/2023,29.1,82,0.2,4,6.3
1561,10/04/2023,28.3,81,0,3,9.7
1562,11/04/2023,28.6,80,0,3,10
1563,12/04/2023,28.6,80,0,2,8.8
1564,13/04/2023,28.9,85,0,2,4.7
1565,14/04/2023,29,85,1,3,5.1
1566,15/04/2023,27.9,86,0,2,7.6
1567,16/04/2023,28.7,86,7.1,3,5.4
1568,17/04/2023,28.1,84,5.01,2,2.6
1569,18/04/2023,29.8,77,5.01,3,5.5
1570,19/04/2023,28.6,82,0,2,9.4
1571,20/04/2023,27.5,85,0.2,2,3.8
1572,21/04/2023,28.4,81,24.2,2,2.2
1573,22/04/2023,28.2,83,21.5,2,3.5
1574,23/04/2023,27.1,92,5.01,2,5.4
1575,24/04/2023,28.6,83,38,3,4.6
1576,25/04/2023,28.4,84,8.3,2,7.3
1577,26/04/2023,28.8,83,0.8,2,5.1
1578,27/04/2023,28.2,86,0.9,2,10.1
1579,28/04/2023,28.6,83,0.2,2,6.8
1580,29/04/2023,29.1,78,0,2,6.3
1581,30/04/2023,28.8,82,0,2,8.6
1582,01/05/2023,29.4,79,0,3,6.1
1583,02/05/2023,29.4,80,8.7,3,8.7
1584,03/05/2023,29.7,80,8.7,2,10
1585,04/05/2023,28.6,86,10,2,9.1
1586,05/05/2023,27.6,90,0,2,4.6
1587,06/05/2023,28.1,84,56,3,5
1588,07/05/2023,27.2,88,5,3,4.7
1589,08/05/2023,29.2,77,0.2,3,1.3
1590,09/05/2023,29.3,78,3.1,3,6.9
1591,10/05/2023,30.1,79,0,3,6.3
1592,11/05/2023,29.9,81,0,3,8.3
1593,12/05/2023,29.6,79,0,2,6.7
1594,13/05/2023,29.9,77,8.7,2,11.5
1595,14/05/2023,29.7,78,0,2,9.9
1596,15/05/2023,27,90,0.2,2,7.1
1597,16/05/2023,26.8,92,44.6,2,5.3
1598,17/05/2023,26.6,93,49.8,1,1.5
1599,18/05/2023,28.9,81,34.4,2,5.3
1600,19/05/2023,28.5,79,0,2,9
1601,20/05/2023,29.4,78,0,3,5.1
1602,21/05/2023,25.2,95,0,1,6.1
1603,22/05/2023,29.1,80,15.8,2,0.4
1604,23/05/2023,28,80,0,2,9.3
1605,24/05/2023,29.9,72,0.5,3,5.9
1606,25/05/2023,29.9,76,0,3,5.5
1607,26/05/2023,27.7,86,8.7,2,5.7
1608,27/05/2023,28.2,87,0.7,2,0
1609,28/05/2023,28.4,83,1,3,3.6
1610,29/05/2023,29,78,15.1,3,2.3
1611,30/05/2023,28.8,80,0,3,7.8
1612,31/05/2023,29.8,79,0.9,3,5
1613,01/06/2023,25,94,9.6,3,4.8
1614,02/06/2023,28.7,83,69.3,2,0
1615,03/06/2023,28,88,0,1,3.8
1616,04/06/2023,27.2,90,8.3,2,3.8
1617,05/06/2023,28.4,80,1,2,1.8
1618,06/06/2023,27.5,86,9.6,2,4
1619,07/06/2023,27.9,85,6,2,0
1620,08/06/2023,28.6,84,1.1,3,1.8
1621,09/06/2023,29.2,81,0,3,1.8
1622,10/06/2023,28.8,80,0,2,1.7
1623,11/06/2023,27.1,85,13.5,2,2.7
1624,12/06/2023,26.7,94,31.3,3,3.2
1625,13/06/2023,26.4,92,25.2,2,1.2
1626,14/06/2023,27.4,90,2.8,2,3.1
1627,15/06/2023,28.5,84,0.4,2,2.4
1628,16/06/2023,28.9,84,8.2,3,7.3
1629,17/06/2023,29.5,80,9.6,3,8.7
1630,18/06/2023,28,87,0,2,9.6
1631,19/06/2023,28.4,84,11.5,2,4.7
1632,20/06/2023,28.9,83,0,2,8.3
1633,21/06/2023,28.9,82,9.6,3,3.8
1634,22/06/2023,29.9,76,9.6,3,6.6
1635,23/06/2023,29.7,79,0,2,11
1636,24/06/2023,28.4,82,9.6,2,10
1637,25/06/2023,28.3,82,0.1,2,4.8
1638,26/06/2023,27.1,86,2.7,2,3.5
1639,27/06/2023,27.3,89,9.6,2,1
1640,28/06/2023,27.4,89,5.8,2,4
1641,29/06/2023,29.2,80,24.5,3,3.4
1642,30/06/2023,27.8,86,9.6,2,7.7
1643,01/07/2023,26.8,83,14.2,3,0.4
1644,02/07/2023,28.5,81,0.3,2,1.2
1645,03/07/2023,28.9,82,6.2,2,2.5
1646,04/07/2023,28.8,82,0.3,2,4
1647,05/07/2023,29,78,0,2,8
1648,06/07/2023,27.3,87,2.9,1,7.3
1649,07/07/2023,27.7,82,2.6,2,0
1650,08/07/2023,28,84,6.2,3,6
1651,09/07/2023,27.4,88,0,1,5.7
1652,10/07/2023,27.7,85,4.8,2,4.2
1653,11/07/2023,24.5,96,4.8,2,5.4
1654,12/07/2023,27.7,83,14,2,0
1655,13/07/2023,28.6,81,0,2,8.7
1656,14/07/2023,25.6,96,0,1,10
1657,15/07/2023,27.6,83,40.3,2,0.7
1658,16/07/2023,28.6,83,6.2,3,5.5
1659,17/07/2023,28.6,81,0,3,7.5
1660,18/07/2023,27.6,88,0.8,2,4.8
1661,19/07/2023,28.1,86,41.8,2,0.6
1662,20/07/2023,25.8,93,0.8,2,1.4
1663,21/07/2023,28.4,83,16.4,3,0
1664,22/07/2023,28.9,82,6.2,4,2.2
1665,23/07/2023,29.2,78,6.2,2,9.8
1666,24/07/2023,27.9,80,0,3,2.6
1667,25/07/2023,29.1,77,0,3,8.7
1668,26/07/2023,29.8,77,6.2,4,10.4
1669,27/07/2023,30,78,6.2,4,9.2
1670,28/07/2023,29.7,77,0,4,8.9
1671,29/07/2023,29.5,74,0,5,7.4
1672,30/07/2023,29.2,74,0,6,8.6
1673,31/07/2023,29.3,70,6.2,4,9.4
1674,01/08/2023,28.4,78,9,3,5.4
1675,02/08/2023,28.8,83,9,4,5.7
1676,03/08/2023,26.5,88,0,2,5.5
1677,04/08/2023,28.3,83,11.3,3,0
1678,05/08/2023,29.1,83,9,4,7.3
1679,06/08/2023,28.4,84,13.6,3,8.3
1680,07/08/2023,28.5,84,0,3,10.6
1681,08/08/2023,29.5,78,0,4,10.5
1682,09/08/2023,29,80,0,4,8
1683,10/08/2023,29.1,76,9,3,10.1
1684,11/08/2023,28.7,83,9,4,9.3
1685,12/08/2023,28.6,82,0,4,8.8
1686,13/08/2023,28.7,80,12.7,4,7.3
1687,14/08/2023,27.9,84,2.8,3,4
1688,15/08/2023,26.6,89,84.2,2,2
1689,16/08/2023,28.3,86,5.8,3,2.8
1690,17/08/2023,28.7,83,0,2,5.5
1691,18/08/2023,26.9,89,9,2,4.6
1692,19/08/2023,26.9,90,9,2,0.5
1693,20/08/2023,28.2,84,9,3,1.8
1694,21/08/2023,26.6,89,2.2,2,7.6
1695,22/08/2023,29,76,11.2,4,3.6
1696,23/08/2023,28.6,82,9,4,7.1
1697,24/08/2023,28.6,83,0,2,8
1698,25/08/2023,26.6,92,3,2,6.4
1699,26/08/2023,27.6,87,11.3,2,4.8
1700,27/08/2023,27.4,87,0.2,2,3.2
1701,28/08/2023,27.9,86,9,3,8.9
1702,29/08/2023,28.1,86,0,3,4.7
1703,30/08/2023,27,91,19.1,2,4.7
1704,31/08/2023,28.7,80,12.2,4,1.6
1705,01/09/2023,28.7,78,0,3,7.2
1706,02/09/2023,29.1,80,0,3,8.1
1707,03/09/2023,29.4,70,0,5,8
1708,04/09/2023,29,78,0,4,6.1
1709,05/09/2023,29,76,3.8,4,5.8
1710,06/09/2023,27.9,89,0,2,2.4
1711,07/09/2023,27.7,84,18.4,2,1.4
1712,08/09/2023,29.6,78,0.2,3,4.7
1713,09/09/2023,27.3,87,0,1,7.8
1714,10/09/2023,26.3,92,1,1,3.6
1715,11/09/2023,28,84,31,3,3.7
1716,12/09/2023,29.2,82,3.8,3,5.5
1717,13/09/2023,29.4,81,0,3,4.1
1718,14/09/2023,29,76,0,3,5.1
1719,15/09/2023,29.3,77,3.8,4,9.3
1720,16/09/2023,29.6,79,0,4,8
1721,17/09/2023,28.8,85,3.8,2,6.2
1722,18/09/2023,27.4,86,4.2,3,3.2
1723,19/09/2023,28.4,82,0,2,4.4
1724,20/09/2023,27,88,3.8,2,6.9
1725,21/09/2023,26.7,86,8.5,2,5.4
1726,22/09/2023,27.3,86,1.2,2,5.2
1727,23/09/2023,27.6,86,4.5,2,3.3
1728,24/09/2023,25.8,92,3.8,2,0.6
1729,25/09/2023,27.1,88,5.8,2,0
1730,26/09/2023,28.2,85,0,3,4.5
1731,27/09/2023,29.4,79,12.8,4,6.7
1732,28/09/2023,29.3,80,0,3,8.2
1733,29/09/2023,27.8,87,0,2,8.4
1734,30/09/2023,26.1,92,3.8,1,4.5
1735,01/10/2023,27.3,90,22.9,2,2.3
1736,02/10/2023,28.7,86,0,3,2.1
1737,03/10/2023,26.8,90,0,2,7
1738,04/10/2023,27.7,86,15.5,2,3.7
1739,05/10/2023,29,84,7.9,2,5.6
1740,06/10/2023,29.2,84,7.9,3,9.3
1741,07/10/2023,29.5,84,0,2,7.3
1742,08/10/2023,28.9,82,0,3,6.7
1743,09/10/2023,29.2,80,0,2,6.3
1744,10/10/2023,28.7,86,7.9,1,8.7
1745,11/10/2023,28.5,88,7.9,2,6.4
1746,12/10/2023,29.6,80,0,2,7.9
1747,13/10/2023,29.4,78,0,2,5.7
1748,14/10/2023,28.5,82,0,2,7.7
1749,15/10/2023,29.4,80,7.9,3,6.2
1750,16/10/2023,29.6,79,0,2,9
1751,17/10/2023,29.5,78,0,2,3.9
1752,18/10/2023,27.4,89,0,2,6
1753,19/10/2023,29.4,78,5.5,3,2.1
1754,20/10/2023,27.9,84,7.9,2,9.8
1755,21/10/2023,26.8,93,7.9,2,3
1756,22/10/2023,27.3,88,9,2,3.9
1757,23/10/2023,27.1,82,7.9,2,5.7
1758,24/10/2023,28.6,84,7.9,2,4
1759,25/10/2023,26.2,93,7.9,1,6.1
1760,26/10/2023,27.2,90,53.4,2,3.1
1761,27/10/2023,27.3,90,0.7,2,6.5
1762,28/10/2023,26.6,91,0.8,2,4.8
1763,29/10/2023,27.8,82,25.5,1,3
1764,30/10/2023,28.2,79,25.2,1,8.8
1765,31/10/2023,28.4,82,7.9,2,6
1766,01/11/2023,27.8,85,0,1,5.3
1767,02/11/2023,28.9,79,4.9,2,5.9
1768,03/11/2023,28.7,80,11.4,1,6.8
1769,04/11/2023,26.9,89,0,1,4.1
1770,05/11/2023,28.3,81,8.6,1,4.9
1771,06/11/2023,27.8,85,11.4,2,6.6
1772,07/11/2023,28.3,81,0,2,4.5
1773,08/11/2023,27.4,88,11.4,1,3.8
1774,09/11/2023,27.8,86,0,2,0.5
1775,10/11/2023,28.1,84,5.7,2,2.7
1776,11/11/2023,29.4,78,3.1,2,3.4
1777,12/11/2023,28,85,0,2,7.5
1778,13/11/2023,27.9,86,0.4,2,3.3
1779,14/11/2023,26.8,91,16.5,2,6.2
1780,15/11/2023,27.7,85,11.1,2,1.1
1781,16/11/2023,28.1,85,14.8,2,5.7
1782,17/11/2023,28.7,82,2.7,2,4.5
1783,18/11/2023,29.3,79,11.4,4,7.4
1784,19/11/2023,27.2,88,0,3,8.8
1785,20/11/2023,28.4,83,11.4,3,0
1786,21/11/2023,26.4,92,5,2,7.6
1787,22/11/2023,26.7,89,53.6,2,1
1788,23/11/2023,26.5,90,44.4,2,0.1
1789,24/11/2023,27.9,83,52,3,1.5
1790,25/11/2023,26.8,88,11.4,1,1.5
1791,26/11/2023,26.7,89,1.1,2,0.4
1792,27/11/2023,25.9,92,30.4,1,2.5
1793,28/11/2023,28.6,82,1.4,3,0
1794,29/11/2023,27.6,88,19.3,2,3.7
1795,30/11/2023,26.9,88,0.1,2,1.9
1796,01/12/2023,27.1,85,81.4,2,7.2
1797,02/12/2023,28.1,82,0,2,1.6
1798,03/12/2023,25.6,94,0.3,1,4.8
1799,04/12/2023,25.9,92,4.5,1,3.7
1800,05/12/2023,28,82,12.9,2,0.6
1801,06/12/2023,26.8,86,0,2,7.8
1802,07/12/2023,27.9,83,0.8,3,5.7
1803,08/12/2023,28.4,82,0,3,3.7
1804,09/12/2023,27.7,85,0,2,6.5
1805,10/12/2023,27.9,83,13,2,0
1806,11/12/2023,28.1,82,0,3,0.7
1807,12/12/2023,26.8,88,13,2,5.2
1808,13/12/2023,28.1,83,0.6,3,1.2
1809,14/12/2023,27,87,0,2,6.2
1810,15/12/2023,28.7,83,28.3,3,2.4
1811,16/12/2023,28,84,3,3,7.2
1812,17/12/2023,28.2,83,13,4,4.3
1813,18/12/2023,28.2,81,13,3,5.3
1814,19/12/2023,27.7,83,0,2,3.6
1815,20/12/2023,27.5,86,0,3,0.6
1816,21/12/2023,27.4,85,1.7,4,3
1817,22/12/2023,27.7,81,1.6,5,5
1818,23/12/2023,25.1,96,0.1,2,3.2
1819,24/12/2023,28.4,82,32.6,4,0
1820,25/12/2023,27.5,85,13,3,6.4
1821,26/12/2023,27.5,85,0,4,3.5
1822,27/12/2023,25.9,94,3.6,3,5.6
1823,28/12/2023,26.6,93,137.1,2,3.7
1824,29/12/2023,28.2,84,23,4,0
1825,30/12/2023,28.3,86,3.1,3,2.4
1826,31/12/2023,25.8,96,1.6,2,3.7
